{"type":"FeatureCollection", "features": [
{"type":"Feature","geometry":{"type":"MultiPolygon","coordinates":[[[[22.99,36.138],[23.024,36.143],[23.051,36.139],[23.045,36.19],[23.055,36.219],[23.093,36.221],[23.101,36.249],[23.07,36.267],[23.047,36.289],[23,36.307],[22.979,36.329],[22.977,36.347],[22.95,36.386],[22.907,36.353],[22.891,36.32],[22.926,36.29],[22.914,36.267],[22.926,36.249],[22.901,36.233],[22.918,36.213],[22.908,36.202],[22.943,36.157],[22.973,36.153],[22.99,36.138]]],[[[21.763,36.757],[21.751,36.714],[21.775,36.719],[21.788,36.74],[21.763,36.757]]],[[[22.927,36.481],[22.949,36.474],[22.987,36.482],[22.98,36.511],[22.958,36.507],[22.927,36.481]]],[[[23.305,39.038],[23.269,39.033],[23.181,39.003],[23.13,39.008],[23.093,38.983],[23.088,38.948],[23.049,38.943],[23.034,38.926],[22.981,38.904],[22.937,38.895],[22.898,38.878],[22.851,38.871],[22.831,38.828],[22.886,38.839],[22.96,38.836],[22.992,38.851],[22.989,38.881],[23.033,38.882],[23.041,38.856],[23.083,38.839],[23.13,38.852],[23.196,38.835],[23.234,38.8],[23.252,38.795],[23.282,38.768],[23.321,38.764],[23.351,38.726],[23.392,38.695],[23.41,38.694],[23.44,38.673],[23.447,38.651],[23.492,38.634],[23.508,38.59],[23.526,38.578],[23.557,38.582],[23.599,38.572],[23.63,38.528],[23.623,38.474],[23.59,38.46],[23.621,38.447],[23.647,38.4],[23.673,38.41],[23.725,38.409],[23.775,38.391],[23.801,38.388],[23.825,38.406],[23.86,38.399],[23.894,38.384],[23.961,38.387],[23.995,38.405],[24.017,38.391],[24.044,38.396],[24.06,38.341],[24.027,38.325],[24.085,38.32],[24.112,38.312],[24.116,38.287],[24.096,38.28],[24.119,38.251],[24.14,38.249],[24.187,38.214],[24.192,38.189],[24.207,38.181],[24.207,38.154],[24.184,38.141],[24.207,38.127],[24.206,38.095],[24.224,38.088],[24.279,38.087],[24.308,38.068],[24.319,38.04],[24.311,38.017],[24.332,38.012],[24.338,37.987],[24.385,37.96],[24.386,37.994],[24.416,38.013],[24.45,38.004],[24.473,37.979],[24.477,37.955],[24.51,37.949],[24.539,37.976],[24.557,37.979],[24.567,38.011],[24.581,38.023],[24.588,38.062],[24.576,38.079],[24.574,38.107],[24.593,38.15],[24.557,38.141],[24.508,38.147],[24.462,38.14],[24.425,38.145],[24.386,38.164],[24.35,38.155],[24.296,38.194],[24.274,38.198],[24.248,38.228],[24.256,38.244],[24.249,38.295],[24.234,38.305],[24.215,38.347],[24.212,38.381],[24.183,38.392],[24.198,38.425],[24.188,38.484],[24.221,38.513],[24.223,38.528],[24.155,38.569],[24.124,38.595],[24.123,38.63],[24.14,38.646],[24.128,38.665],[24.105,38.667],[24.047,38.687],[24.033,38.677],[23.989,38.678],[23.956,38.661],[23.896,38.679],[23.86,38.672],[23.805,38.697],[23.774,38.698],[23.75,38.716],[23.712,38.764],[23.685,38.753],[23.64,38.752],[23.603,38.767],[23.59,38.783],[23.53,38.803],[23.51,38.821],[23.471,38.836],[23.444,38.864],[23.427,38.905],[23.43,38.954],[23.388,38.961],[23.371,38.986],[23.377,39.007],[23.336,39.016],[23.305,39.038]]],[[[22.483,36.385],[22.497,36.41],[22.502,36.497],[22.473,36.527],[22.482,36.554],[22.472,36.59],[22.477,36.616],[22.495,36.62],[22.512,36.603],[22.529,36.618],[22.5,36.655],[22.524,36.677],[22.524,36.71],[22.534,36.721],[22.577,36.734],[22.565,36.776],[22.619,36.8],[22.656,36.806],[22.753,36.804],[22.786,36.796],[22.799,36.748],[22.811,36.738],[22.828,36.687],[22.88,36.654],[22.876,36.621],[22.919,36.6],[22.945,36.573],[22.937,36.561],[22.959,36.544],[22.968,36.52],[22.984,36.517],[23.018,36.528],[23.037,36.525],[23.066,36.504],[23.064,36.473],[23.089,36.442],[23.13,36.428],[23.145,36.442],[23.2,36.436],[23.196,36.459],[23.129,36.499],[23.148,36.534],[23.13,36.551],[23.082,36.575],[23.032,36.627],[23.025,36.657],[23.039,36.687],[23.023,36.717],[23.031,36.733],[23.083,36.756],[23.11,36.773],[23.091,36.791],[23.074,36.83],[23.044,36.851],[23.05,36.862],[23.032,36.908],[23.011,36.941],[23.012,36.954],[22.991,36.975],[23.006,36.984],[22.993,37.044],[22.977,37.058],[22.983,37.076],[22.955,37.099],[22.959,37.113],[22.897,37.12],[22.892,37.143],[22.906,37.188],[22.883,37.232],[22.859,37.249],[22.862,37.27],[22.839,37.279],[22.817,37.338],[22.774,37.387],[22.754,37.399],[22.766,37.425],[22.748,37.442],[22.746,37.464],[22.728,37.486],[22.738,37.509],[22.717,37.562],[22.728,37.575],[22.77,37.591],[22.801,37.574],[22.799,37.563],[22.847,37.52],[22.893,37.532],[22.935,37.521],[22.977,37.517],[22.993,37.484],[23.014,37.47],[23.048,37.478],[23.062,37.45],[23.089,37.456],[23.123,37.45],[23.135,37.419],[23.074,37.376],[23.067,37.353],[23.11,37.351],[23.133,37.334],[23.128,37.316],[23.173,37.286],[23.201,37.305],[23.18,37.321],[23.193,37.341],[23.273,37.35],[23.225,37.379],[23.261,37.39],[23.269,37.407],[23.296,37.394],[23.345,37.414],[23.409,37.404],[23.503,37.425],[23.519,37.456],[23.498,37.472],[23.436,37.504],[23.404,37.509],[23.403,37.534],[23.372,37.553],[23.343,37.536],[23.319,37.532],[23.302,37.548],[23.269,37.557],[23.264,37.573],[23.208,37.593],[23.156,37.624],[23.168,37.653],[23.151,37.674],[23.173,37.704],[23.135,37.727],[23.117,37.746],[23.179,37.779],[23.179,37.802],[23.14,37.834],[23.113,37.848],[23.063,37.839],[23.046,37.847],[23.004,37.849],[22.992,37.878],[23.016,37.9],[23.009,37.916],[22.96,37.952],[22.898,37.932],[22.855,37.939],[22.793,37.97],[22.777,37.995],[22.725,38.036],[22.661,38.061],[22.638,38.078],[22.542,38.106],[22.491,38.136],[22.415,38.13],[22.349,38.154],[22.336,38.177],[22.276,38.171],[22.214,38.181],[22.189,38.204],[22.174,38.201],[22.148,38.218],[22.133,38.248],[22.108,38.266],[22.088,38.254],[22.059,38.276],[22.027,38.285],[22.009,38.314],[21.99,38.311],[21.95,38.328],[21.878,38.325],[21.849,38.338],[21.826,38.317],[21.778,38.31],[21.739,38.27],[21.715,38.211],[21.68,38.186],[21.673,38.169],[21.605,38.143],[21.546,38.158],[21.532,38.155],[21.452,38.199],[21.409,38.192],[21.39,38.214],[21.365,38.183],[21.366,38.122],[21.344,38.101],[21.325,38.056],[21.303,38.024],[21.255,37.973],[21.189,37.931],[21.17,37.926],[21.128,37.938],[21.111,37.889],[21.107,37.847],[21.131,37.835],[21.209,37.816],[21.255,37.797],[21.304,37.757],[21.307,37.728],[21.319,37.708],[21.31,37.664],[21.362,37.662],[21.39,37.653],[21.454,37.611],[21.528,37.571],[21.556,37.55],[21.606,37.499],[21.631,37.466],[21.664,37.413],[21.691,37.353],[21.699,37.31],[21.672,37.258],[21.597,37.215],[21.577,37.192],[21.567,37.168],[21.58,37.073],[21.576,37.061],[21.613,37.021],[21.637,37.008],[21.659,36.973],[21.71,36.944],[21.707,36.922],[21.689,36.913],[21.679,36.889],[21.69,36.84],[21.728,36.8],[21.763,36.794],[21.809,36.807],[21.823,36.803],[21.831,36.773],[21.864,36.747],[21.878,36.724],[21.935,36.761],[21.935,36.78],[21.96,36.793],[21.939,36.808],[21.922,36.864],[21.935,36.932],[21.926,36.968],[21.936,36.987],[22.021,37.021],[22.076,37.028],[22.152,37.016],[22.155,36.995],[22.141,36.966],[22.146,36.939],[22.126,36.915],[22.162,36.893],[22.192,36.902],[22.226,36.894],[22.255,36.848],[22.297,36.814],[22.296,36.803],[22.339,36.71],[22.363,36.675],[22.364,36.601],[22.386,36.56],[22.386,36.538],[22.347,36.514],[22.364,36.482],[22.39,36.469],[22.458,36.452],[22.469,36.404],[22.483,36.385]]],[[[23.487,38.003],[23.473,37.98],[23.438,37.974],[23.452,37.951],[23.5,37.963],[23.47,37.924],[23.409,37.93],[23.404,37.895],[23.447,37.876],[23.477,37.886],[23.491,37.901],[23.517,37.907],[23.54,37.925],[23.527,37.958],[23.531,37.988],[23.487,38.003]]],[[[21.318,38.498],[21.359,38.438],[21.354,38.402],[21.411,38.364],[21.414,38.329],[21.447,38.323],[21.487,38.296],[21.504,38.295],[21.528,38.314],[21.579,38.329],[21.59,38.345],[21.62,38.344],[21.637,38.356],[21.675,38.347],[21.7,38.351],[21.766,38.328],[21.786,38.374],[21.835,38.392],[21.853,38.374],[21.879,38.368],[21.912,38.383],[21.934,38.407],[21.995,38.399],[22.002,38.39],[22.052,38.395],[22.102,38.367],[22.127,38.367],[22.138,38.347],[22.194,38.338],[22.231,38.36],[22.251,38.362],[22.286,38.338],[22.348,38.35],[22.377,38.333],[22.383,38.363],[22.397,38.379],[22.374,38.393],[22.41,38.409],[22.406,38.429],[22.456,38.427],[22.465,38.412],[22.503,38.383],[22.514,38.359],[22.537,38.344],[22.519,38.327],[22.538,38.314],[22.56,38.279],[22.588,38.287],[22.585,38.327],[22.594,38.352],[22.637,38.35],[22.658,38.386],[22.68,38.373],[22.689,38.349],[22.68,38.333],[22.71,38.308],[22.785,38.282],[22.765,38.251],[22.778,38.233],[22.832,38.225],[22.864,38.233],[22.894,38.222],[22.908,38.189],[22.939,38.184],[22.964,38.192],[22.971,38.215],[23.024,38.214],[23.051,38.197],[23.03,38.181],[23.075,38.174],[23.108,38.207],[23.163,38.168],[23.2,38.163],[23.21,38.146],[23.178,38.129],[23.218,38.116],[23.216,38.1],[23.184,38.09],[23.173,38.076],[23.116,38.06],[23.055,38.052],[23.041,38.063],[23.003,38.061],[22.964,38.08],[22.92,38.067],[22.85,38.029],[22.913,38.016],[22.977,37.977],[22.96,37.952],[23.006,37.919],[23.057,37.912],[23.139,37.922],[23.166,37.949],[23.197,37.954],[23.243,37.976],[23.279,37.978],[23.314,37.97],[23.326,37.978],[23.381,37.972],[23.447,38.021],[23.494,38.027],[23.521,38.044],[23.548,38.034],[23.576,38.045],[23.597,38.029],[23.597,38.01],[23.552,37.979],[23.557,37.962],[23.596,37.952],[23.633,37.927],[23.67,37.942],[23.719,37.903],[23.731,37.874],[23.77,37.832],[23.767,37.817],[23.797,37.8],[23.804,37.819],[23.868,37.801],[23.901,37.774],[23.905,37.729],[23.919,37.717],[23.946,37.721],[23.938,37.672],[24.006,37.655],[24.033,37.659],[24.054,37.679],[24.067,37.713],[24.053,37.733],[24.074,37.755],[24.084,37.797],[24.046,37.823],[24.058,37.857],[24.024,37.871],[24.015,37.887],[24.043,37.895],[24.036,37.917],[24.013,37.922],[24.018,37.943],[24.007,37.968],[24.03,37.995],[24,38.034],[23.998,38.069],[23.981,38.093],[23.986,38.114],[24.031,38.141],[24.056,38.142],[24.073,38.199],[24.048,38.208],[23.957,38.283],[23.868,38.308],[23.833,38.312],[23.806,38.328],[23.787,38.321],[23.767,38.339],[23.736,38.332],[23.677,38.34],[23.631,38.378],[23.632,38.41],[23.602,38.424],[23.598,38.442],[23.568,38.451],[23.591,38.475],[23.56,38.502],[23.535,38.501],[23.513,38.48],[23.478,38.486],[23.464,38.5],[23.411,38.499],[23.366,38.51],[23.341,38.498],[23.329,38.536],[23.309,38.568],[23.312,38.591],[23.34,38.607],[23.321,38.639],[23.285,38.649],[23.256,38.643],[23.196,38.681],[23.188,38.649],[23.094,38.646],[23.067,38.677],[23.067,38.715],[23.032,38.756],[23.019,38.749],[22.966,38.745],[22.937,38.754],[22.925,38.769],[22.899,38.777],[22.868,38.754],[22.825,38.789],[22.807,38.78],[22.766,38.781],[22.723,38.826],[22.686,38.841],[22.638,38.831],[22.598,38.794],[22.534,38.772],[22.473,38.759],[22.407,38.754],[22.366,38.778],[22.339,38.804],[22.317,38.839],[22.278,38.867],[22.139,38.885],[22.011,38.933],[21.893,38.882],[21.705,38.854],[21.621,38.891],[21.492,38.859],[21.393,38.756],[21.281,38.602],[21.318,38.498]]],[[[23.307,37.613],[23.335,37.6],[23.358,37.562],[23.387,37.563],[23.415,37.613],[23.403,37.635],[23.385,37.641],[23.343,37.637],[23.307,37.613]]]]},"properties":{"slug":"achaia","name":"Achaia","tier":"province","kind":"province","source":"pazout","spanSource":"placeholder","basisYear":117,"segmentStart":-275,"segmentEnd":476,"spanStart":-275,"spanEnd":476}},
{"type":"Feature","geometry":{"type":"MultiPolygon","coordinates":[[[[27.534,37.164],[27.495,37.157],[27.501,37.141],[27.534,37.164]]],[[[28.63,40.365],[28.561,40.379],[28.515,40.394],[28.425,40.394],[28.344,40.401],[28.299,40.396],[28.27,40.401],[28.159,40.396],[28.113,40.389],[28.05,40.374],[28.009,40.37],[27.955,40.353],[27.928,40.363],[27.897,40.39],[27.926,40.412],[27.972,40.424],[28.017,40.448],[28.034,40.477],[28.022,40.487],[27.951,40.497],[27.86,40.517],[27.841,40.51],[27.817,40.519],[27.791,40.507],[27.78,40.521],[27.742,40.517],[27.718,40.523],[27.684,40.502],[27.687,40.474],[27.712,40.46],[27.74,40.456],[27.746,40.431],[27.782,40.41],[27.788,40.396],[27.819,40.4],[27.877,40.381],[27.862,40.36],[27.824,40.346],[27.763,40.307],[27.712,40.316],[27.68,40.308],[27.636,40.326],[27.612,40.326],[27.562,40.305],[27.512,40.304],[27.458,40.316],[27.381,40.345],[27.328,40.37],[27.304,40.4],[27.32,40.424],[27.316,40.445],[27.288,40.467],[27.27,40.464],[27.191,40.433],[27.125,40.451],[27.09,40.442],[27.033,40.39],[26.952,40.384],[26.913,40.405],[26.893,40.398],[26.84,40.401],[26.819,40.395],[26.789,40.405],[26.752,40.402],[26.701,40.369],[26.693,40.354],[26.639,40.317],[26.607,40.281],[26.569,40.277],[26.559,40.257],[26.525,40.217],[26.482,40.2],[26.449,40.194],[26.417,40.2],[26.398,40.143],[26.41,40.118],[26.397,40.105],[26.37,40.104],[26.356,40.057],[26.32,40.017],[26.287,40.004],[26.238,39.999],[26.198,40.009],[26.178,39.99],[26.15,39.909],[26.161,39.895],[26.144,39.861],[26.146,39.836],[26.161,39.825],[26.157,39.773],[26.139,39.758],[26.159,39.72],[26.163,39.659],[26.132,39.602],[26.104,39.584],[26.082,39.509],[26.063,39.48],[26.119,39.455],[26.197,39.462],[26.23,39.475],[26.289,39.486],[26.367,39.481],[26.378,39.497],[26.413,39.502],[26.447,39.518],[26.522,39.532],[26.548,39.531],[26.633,39.555],[26.69,39.555],[26.728,39.567],[26.771,39.571],[26.818,39.568],[26.838,39.558],[26.867,39.566],[26.881,39.586],[26.921,39.584],[26.953,39.552],[26.939,39.539],[26.931,39.485],[26.903,39.477],[26.857,39.477],[26.854,39.439],[26.833,39.429],[26.801,39.435],[26.809,39.4],[26.776,39.369],[26.738,39.358],[26.697,39.331],[26.69,39.313],[26.626,39.298],[26.61,39.273],[26.639,39.267],[26.704,39.264],[26.735,39.24],[26.735,39.207],[26.768,39.166],[26.813,39.157],[26.849,39.129],[26.888,39.075],[26.838,39.045],[26.805,39.035],[26.796,38.982],[26.799,38.954],[26.819,38.937],[26.845,38.935],[26.858,38.914],[26.918,38.94],[26.956,38.938],[26.987,38.919],[27.045,38.94],[27.057,38.913],[27.063,38.87],[27.039,38.862],[27.008,38.864],[26.962,38.832],[26.983,38.821],[26.96,38.803],[26.925,38.828],[26.905,38.807],[26.916,38.786],[26.897,38.735],[26.875,38.736],[26.857,38.753],[26.831,38.761],[26.742,38.736],[26.727,38.721],[26.741,38.679],[26.733,38.648],[26.76,38.615],[26.8,38.611],[26.815,38.591],[26.834,38.588],[26.851,38.569],[26.817,38.544],[26.846,38.519],[26.882,38.509],[26.911,38.484],[26.931,38.455],[26.974,38.446],[27.024,38.472],[27.055,38.473],[27.112,38.449],[27.134,38.465],[27.162,38.463],[27.12,38.412],[27.089,38.399],[27.017,38.415],[26.98,38.397],[26.933,38.383],[26.836,38.37],[26.802,38.355],[26.773,38.363],[26.741,38.403],[26.735,38.43],[26.7,38.428],[26.675,38.387],[26.702,38.315],[26.67,38.314],[26.644,38.34],[26.645,38.369],[26.63,38.381],[26.599,38.434],[26.596,38.471],[26.642,38.47],[26.624,38.521],[26.569,38.559],[26.562,38.602],[26.548,38.602],[26.524,38.648],[26.5,38.654],[26.475,38.675],[26.433,38.672],[26.364,38.661],[26.353,38.637],[26.36,38.578],[26.39,38.522],[26.412,38.492],[26.391,38.459],[26.412,38.457],[26.419,38.476],[26.44,38.476],[26.496,38.448],[26.516,38.429],[26.488,38.402],[26.462,38.36],[26.402,38.332],[26.382,38.311],[26.363,38.308],[26.319,38.33],[26.296,38.328],[26.276,38.292],[26.273,38.268],[26.303,38.254],[26.307,38.241],[26.336,38.226],[26.367,38.228],[26.391,38.261],[26.402,38.244],[26.389,38.224],[26.415,38.211],[26.428,38.222],[26.459,38.196],[26.503,38.177],[26.521,38.144],[26.543,38.121],[26.561,38.118],[26.578,38.136],[26.592,38.103],[26.611,38.108],[26.633,38.168],[26.631,38.2],[26.66,38.21],[26.72,38.212],[26.752,38.223],[26.777,38.203],[26.77,38.174],[26.797,38.173],[26.822,38.16],[26.82,38.146],[26.851,38.099],[26.845,38.075],[26.857,38.046],[26.882,38.043],[26.897,38.061],[26.937,38.073],[26.987,38.073],[27.012,38.057],[27.048,38.049],[27.078,38.014],[27.102,38.014],[27.119,37.995],[27.167,37.981],[27.186,37.991],[27.236,37.986],[27.254,37.974],[27.277,37.928],[27.262,37.909],[27.26,37.863],[27.237,37.841],[27.27,37.81],[27.263,37.772],[27.239,37.729],[27.204,37.708],[27.099,37.681],[27.031,37.69],[27.009,37.664],[27.058,37.641],[27.097,37.639],[27.189,37.61],[27.219,37.587],[27.195,37.546],[27.198,37.495],[27.228,37.472],[27.22,37.451],[27.217,37.395],[27.198,37.354],[27.262,37.342],[27.286,37.357],[27.323,37.342],[27.322,37.371],[27.36,37.373],[27.369,37.399],[27.413,37.416],[27.432,37.398],[27.402,37.367],[27.383,37.356],[27.389,37.323],[27.413,37.305],[27.444,37.303],[27.478,37.331],[27.498,37.317],[27.476,37.289],[27.522,37.275],[27.522,37.227],[27.556,37.278],[27.588,37.285],[27.613,37.279],[27.606,37.25],[27.547,37.184],[27.54,37.162],[27.557,37.134],[27.501,37.103],[27.474,37.082],[27.43,37.117],[27.395,37.119],[27.377,37.13],[27.377,37.15],[27.34,37.133],[27.252,37.082],[27.237,37.051],[27.259,36.999],[27.262,36.968],[27.296,36.966],[27.332,36.99],[27.328,37.01],[27.378,37.028],[27.388,37.019],[27.437,37.032],[27.45,37.012],[27.498,36.987],[27.513,36.994],[27.549,36.988],[27.605,36.991],[27.635,36.978],[27.685,37.004],[27.726,37.003],[27.757,36.994],[27.784,36.995],[27.822,37.012],[27.893,37.029],[27.926,37.031],[27.945,37.016],[27.979,37.032],[28.008,37.024],[28.078,37.022],[28.101,37.035],[28.164,37.029],[28.197,37.04],[28.244,37.039],[28.275,37.05],[28.327,37.049],[28.33,37.034],[28.267,37.015],[28.204,36.97],[28.2,36.948],[28.178,36.948],[28.155,36.928],[28.099,36.941],[28.072,36.94],[28.042,36.921],[28.032,36.898],[28.054,36.867],[28.016,36.857],[28.009,36.836],[28.064,36.824],[28.056,36.8],[28.026,36.793],[27.989,36.8],[27.974,36.795],[27.918,36.798],[27.91,36.808],[27.858,36.804],[27.816,36.813],[27.772,36.789],[27.698,36.786],[27.681,36.8],[27.645,36.808],[27.609,36.764],[27.583,36.768],[27.53,36.753],[27.499,36.751],[27.464,36.763],[27.452,36.747],[27.428,36.748],[27.422,36.714],[27.407,36.704],[27.375,36.705],[27.371,36.686],[27.402,36.68],[27.437,36.663],[27.48,36.652],[27.517,36.678],[27.543,36.674],[27.595,36.683],[27.639,36.675],[27.671,36.659],[27.676,36.7],[27.686,36.725],[27.718,36.757],[27.738,36.763],[27.78,36.756],[27.804,36.764],[27.871,36.744],[27.881,36.758],[27.908,36.756],[27.93,36.743],[27.951,36.76],[28.012,36.759],[28.065,36.775],[28.099,36.802],[28.131,36.795],[28.123,36.773],[28.1,36.769],[28.085,36.744],[28.087,36.724],[28.051,36.72],[27.987,36.698],[27.964,36.679],[28.023,36.668],[28.069,36.674],[28.095,36.641],[28.063,36.611],[28.032,36.602],[27.984,36.612],[27.98,36.566],[28.025,36.57],[28.035,36.563],[28.066,36.595],[28.089,36.582],[28.115,36.6],[28.158,36.663],[28.16,36.68],[28.21,36.689],[28.276,36.737],[28.256,36.787],[28.233,36.807],[28.245,36.832],[28.278,36.853],[28.292,36.819],[28.31,36.818],[28.408,36.79],[28.426,36.829],[28.395,36.854],[28.433,36.859],[28.447,36.88],[28.468,36.867],[28.451,36.847],[28.463,36.812],[28.52,36.792],[28.533,36.811],[28.563,36.822],[28.588,36.816],[28.621,36.791],[28.624,36.751],[28.616,36.736],[28.664,36.719],[28.695,36.701],[28.723,36.706],[28.721,36.755],[28.776,36.807],[28.787,36.909],[28.934,37.068],[29.219,37.301],[29.577,37.563],[29.822,37.662],[29.949,37.749],[30.109,37.891],[30.26,38.027],[30.379,38.075],[30.473,38.445],[30.683,38.643],[30.905,38.754],[31.419,38.848],[31.582,38.841],[31.882,38.866],[31.956,38.903],[32.008,38.975],[32.02,39.056],[32.002,39.139],[31.899,39.23],[31.85,39.263],[31.775,39.289],[31.695,39.296],[31.614,39.291],[31.448,39.322],[31.379,39.396],[31.295,39.55],[31.198,39.604],[31.126,39.633],[31.046,39.643],[30.96,39.663],[30.881,39.702],[30.83,39.842],[30.806,39.976],[30.567,39.99],[29.817,40.128],[29.384,40.068],[29.174,40.04],[28.814,40.141],[28.68,40.191],[28.626,40.258],[28.63,40.365]]]]},"properties":{"slug":"asia","name":"Asia","tier":"province","kind":"province","source":"pazout","spanSource":"placeholder","basisYear":117,"segmentStart":-275,"segmentEnd":476,"spanStart":-275,"spanEnd":476}},
{"type":"Feature","geometry":{"type":"Polygon","coordinates":[[[28.63,40.365],[28.626,40.258],[28.68,40.191],[28.814,40.141],[29.174,40.04],[29.384,40.068],[29.817,40.128],[30.567,39.99],[30.806,39.976],[30.94,39.977],[31.525,40.049],[31.978,40.196],[32.462,40.428],[32.811,40.626],[33.135,40.805],[33.846,41.292],[34.794,41.437],[35.267,41.424],[35.366,41.413],[35.552,41.383],[35.75,41.334],[36.398,41.105],[37.043,40.878],[37.292,40.929],[37.501,41.033],[37.48,41.061],[37.422,41.079],[37.398,41.102],[37.303,41.12],[37.292,41.145],[37.207,41.144],[37.132,41.151],[37.061,41.172],[37.034,41.187],[37.025,41.26],[36.998,41.284],[36.945,41.304],[36.886,41.333],[36.797,41.356],[36.684,41.369],[36.659,41.381],[36.621,41.365],[36.566,41.29],[36.507,41.257],[36.466,41.246],[36.423,41.246],[36.387,41.256],[36.336,41.298],[36.342,41.31],[36.318,41.33],[36.29,41.332],[36.242,41.354],[36.231,41.372],[36.131,41.462],[36.119,41.499],[36.133,41.554],[36.115,41.625],[36.067,41.68],[36.037,41.697],[35.952,41.733],[35.84,41.692],[35.75,41.666],[35.647,41.64],[35.579,41.632],[35.539,41.633],[35.472,41.646],[35.393,41.686],[35.28,41.715],[35.266,41.737],[35.211,41.765],[35.174,41.819],[35.132,41.856],[35.125,41.88],[35.106,41.893],[35.089,41.924],[35.098,41.972],[35.122,42.014],[35.148,42.024],[35.205,42.012],[35.193,42.039],[35.172,42.041],[35.144,42.027],[35.085,42.026],[35.047,42.04],[35.05,42.06],[35.013,42.09],[34.953,42.097],[34.949,42.073],[34.908,42.026],[34.828,41.967],[34.799,41.955],[34.733,41.945],[34.658,41.941],[34.597,41.949],[34.542,41.95],[34.477,41.966],[34.435,41.966],[34.397,41.953],[34.3,41.941],[34.231,41.954],[34.174,41.959],[34.166,41.966],[34.104,41.978],[33.978,41.979],[33.944,41.974],[33.83,41.972],[33.797,41.977],[33.68,41.98],[33.586,41.989],[33.455,42.011],[33.413,42.008],[33.344,42.02],[33.279,42],[33.266,41.991],[33.21,41.978],[33.169,41.956],[33.031,41.927],[32.981,41.896],[32.859,41.859],[32.783,41.86],[32.767,41.849],[32.717,41.848],[32.677,41.83],[32.6,41.83],[32.572,41.811],[32.51,41.806],[32.485,41.782],[32.454,41.776],[32.424,41.756],[32.416,41.739],[32.379,41.748],[32.327,41.724],[32.285,41.72],[32.247,41.693],[32.212,41.659],[32.195,41.654],[32.171,41.624],[32.139,41.601],[32.031,41.575],[32.002,41.549],[31.921,41.528],[31.844,41.5],[31.829,41.485],[31.766,41.456],[31.682,41.408],[31.66,41.405],[31.605,41.376],[31.563,41.371],[31.503,41.355],[31.468,41.329],[31.398,41.314],[31.393,41.302],[31.419,41.28],[31.404,41.262],[31.406,41.208],[31.382,41.18],[31.345,41.153],[31.34,41.137],[31.309,41.121],[31.252,41.104],[31.207,41.097],[31.109,41.089],[31.071,41.078],[31.008,41.072],[30.888,41.075],[30.755,41.086],[30.65,41.128],[30.643,41.126],[30.501,41.145],[30.391,41.171],[30.321,41.198],[30.264,41.207],[30.219,41.158],[30.198,41.162],[30.155,41.139],[30.118,41.143],[30.074,41.134],[30.031,41.14],[29.979,41.135],[29.895,41.143],[29.82,41.143],[29.768,41.161],[29.731,41.155],[29.676,41.162],[29.62,41.179],[29.591,41.171],[29.509,41.184],[29.389,41.215],[29.362,41.211],[29.292,41.222],[29.257,41.234],[29.198,41.22],[29.165,41.224],[29.122,41.202],[29.117,41.187],[29.087,41.178],[29.072,41.142],[29.095,41.117],[29.066,41.103],[29.052,41.048],[29.006,41.022],[29.019,40.997],[29.045,40.97],[29.095,40.952],[29.141,40.904],[29.177,40.887],[29.24,40.874],[29.292,40.847],[29.276,40.814],[29.326,40.817],[29.349,40.796],[29.355,40.755],[29.389,40.753],[29.427,40.769],[29.502,40.78],[29.516,40.767],[29.579,40.769],[29.617,40.784],[29.639,40.775],[29.706,40.776],[29.745,40.767],[29.769,40.743],[29.854,40.75],[29.866,40.758],[29.914,40.761],[29.939,40.754],[29.935,40.718],[29.874,40.717],[29.868,40.728],[29.791,40.722],[29.647,40.697],[29.557,40.686],[29.511,40.734],[29.481,40.721],[29.456,40.696],[29.423,40.689],[29.378,40.7],[29.337,40.672],[29.281,40.66],[29.161,40.656],[29.107,40.643],[29.047,40.648],[28.991,40.644],[28.966,40.634],[28.953,40.615],[28.892,40.583],[28.818,40.565],[28.794,40.552],[28.781,40.518],[28.855,40.506],[28.886,40.479],[28.935,40.463],[28.965,40.462],[29.016,40.471],[29.025,40.479],[29.082,40.478],[29.151,40.437],[29.151,40.422],[29.088,40.418],[29.052,40.362],[28.973,40.356],[28.925,40.356],[28.866,40.385],[28.831,40.383],[28.771,40.394],[28.661,40.361],[28.63,40.365]]]},"properties":{"slug":"bithynia-et-pontus","name":"Bithynia et Pontus","tier":"province","kind":"province","source":"pazout","spanSource":"placeholder","basisYear":117,"segmentStart":-275,"segmentEnd":476,"spanStart":-275,"spanEnd":476}},
{"type":"Feature","geometry":{"type":"Polygon","coordinates":[[[35.269,41.423],[35.222,41.108],[35.134,40.793],[35.007,40.478],[34.865,40.158],[34.693,39.889],[34.481,39.647],[34.305,39.491],[33.555,39.23],[33.344,38.951],[33.387,37.524],[33.539,37.487],[33.703,37.46],[33.931,37.43],[34.147,37.421],[34.514,37.425],[34.866,37.457],[35.176,37.491],[35.409,37.518],[35.664,37.503],[36.006,37.471],[36.412,37.433],[36.628,37.417],[36.713,37.38],[36.773,37.363],[37.293,37.588],[37.563,37.666],[37.794,37.721],[38.118,37.773],[38.595,37.849],[39.048,37.949],[39.051,37.957],[39.202,38.035],[39.274,38.15],[39.258,38.181],[39.208,38.207],[39.165,38.184],[39.126,38.192],[39.156,38.289],[39.105,38.347],[38.976,38.321],[38.812,38.445],[38.713,38.424],[38.593,38.448],[38.434,38.492],[38.372,38.544],[38.357,38.615],[38.426,38.686],[38.483,38.71],[38.477,38.749],[38.635,38.749],[38.762,38.808],[38.741,38.906],[38.783,38.988],[38.745,39.017],[38.753,39.14],[38.701,39.205],[38.471,39.37],[38.581,39.444],[38.744,39.531],[39.143,39.582],[39.437,39.636],[39.557,39.754],[39.583,39.831],[39.672,40.015],[39.807,40.153],[39.848,40.326],[39.759,40.561],[39.882,40.793],[40.158,40.913],[40.092,40.918],[40.034,40.959],[39.992,40.964],[39.933,40.955],[39.884,40.954],[39.854,40.959],[39.829,40.985],[39.781,41.002],[39.736,41.004],[39.722,41.013],[39.66,40.997],[39.568,41.025],[39.556,41.04],[39.487,41.092],[39.418,41.107],[39.369,41.079],[39.297,41.053],[39.263,41.048],[39.225,41.057],[39.203,41.074],[39.163,41.079],[39.131,41.058],[39.053,41.037],[39.009,41.032],[38.934,41.043],[38.869,41.011],[38.809,41.006],[38.719,40.952],[38.687,40.947],[38.648,40.971],[38.625,40.973],[38.592,40.948],[38.535,40.918],[38.484,40.914],[38.407,40.915],[38.388,40.924],[38.358,40.909],[38.325,40.92],[38.277,40.946],[38.207,40.938],[38.108,40.966],[38.039,40.973],[38.001,40.981],[37.876,40.989],[37.866,41.014],[37.81,41.025],[37.775,41.065],[37.788,41.113],[37.758,41.12],[37.706,41.114],[37.679,41.132],[37.655,41.117],[37.621,41.075],[37.612,41.051],[37.576,41.03],[37.537,41.021],[37.501,41.033],[37.292,40.929],[37.043,40.878],[36.398,41.105],[35.75,41.334],[35.552,41.383],[35.366,41.413],[35.269,41.423]]]},"properties":{"slug":"cappadocia","name":"Cappadocia","tier":"province","kind":"province","source":"pazout","spanSource":"placeholder","basisYear":117,"segmentStart":-275,"segmentEnd":476,"spanStart":-275,"spanEnd":476}},
{"type":"Feature","geometry":{"type":"Polygon","coordinates":[[[36.215,36.66],[36.262,36.672],[36.334,36.736],[36.383,36.823],[36.432,36.921],[36.549,37.168],[36.651,37.283],[36.713,37.38],[36.628,37.417],[36.412,37.433],[36.006,37.471],[35.664,37.503],[35.409,37.518],[35.176,37.491],[34.866,37.457],[34.514,37.425],[34.147,37.421],[33.931,37.43],[33.703,37.46],[33.539,37.487],[33.387,37.524],[33.37,37.453],[33.3,37.343],[33.143,37.257],[32.909,37.163],[32.639,37.09],[32.381,36.996],[32.157,36.902],[31.812,36.595],[31.864,36.586],[31.919,36.564],[31.961,36.559],[31.989,36.541],[32.015,36.543],[32.048,36.526],[32.115,36.469],[32.133,36.44],[32.165,36.418],[32.217,36.335],[32.275,36.289],[32.28,36.263],[32.3,36.232],[32.342,36.215],[32.391,36.166],[32.46,36.135],[32.482,36.115],[32.519,36.097],[32.566,36.1],[32.593,36.079],[32.619,36.072],[32.668,36.044],[32.725,36.037],[32.804,36.021],[32.866,36.069],[32.904,36.085],[32.931,36.089],[32.954,36.104],[33.006,36.095],[33.051,36.095],[33.086,36.082],[33.109,36.104],[33.126,36.131],[33.162,36.138],[33.196,36.128],[33.255,36.133],[33.303,36.131],[33.336,36.151],[33.385,36.14],[33.401,36.129],[33.429,36.15],[33.478,36.159],[33.528,36.141],[33.539,36.126],[33.562,36.127],[33.591,36.175],[33.647,36.194],[33.66,36.185],[33.66,36.16],[33.685,36.134],[33.698,36.173],[33.737,36.203],[33.796,36.231],[33.869,36.316],[33.885,36.317],[33.935,36.289],[33.951,36.267],[33.953,36.238],[34.001,36.288],[34.019,36.3],[34.043,36.293],[34.072,36.32],[34.079,36.342],[34.083,36.415],[34.115,36.431],[34.12,36.448],[34.169,36.468],[34.185,36.497],[34.228,36.528],[34.264,36.574],[34.32,36.604],[34.361,36.637],[34.43,36.664],[34.474,36.709],[34.541,36.739],[34.548,36.756],[34.575,36.774],[34.631,36.788],[34.635,36.798],[34.676,36.808],[34.743,36.812],[34.799,36.802],[34.857,36.776],[34.887,36.773],[34.894,36.745],[34.912,36.728],[34.962,36.722],[35.019,36.703],[35.145,36.642],[35.227,36.605],[35.321,36.559],[35.343,36.54],[35.404,36.571],[35.416,36.59],[35.454,36.592],[35.499,36.586],[35.558,36.567],[35.584,36.587],[35.623,36.603],[35.636,36.624],[35.644,36.667],[35.682,36.689],[35.661,36.708],[35.628,36.698],[35.595,36.718],[35.628,36.747],[35.669,36.768],[35.712,36.759],[35.76,36.77],[35.789,36.766],[35.845,36.798],[35.849,36.81],[35.898,36.839],[35.923,36.877],[36.007,36.931],[36.037,36.922],[36.11,36.886],[36.147,36.856],[36.204,36.786],[36.203,36.762],[36.19,36.745],[36.202,36.727],[36.193,36.706],[36.215,36.66]]]},"properties":{"slug":"cilicia","name":"Cilicia","tier":"province","kind":"province","source":"pazout","spanSource":"placeholder","basisYear":117,"segmentStart":-275,"segmentEnd":476,"spanStart":-275,"spanEnd":476}},
{"type":"Feature","geometry":{"type":"Polygon","coordinates":[[[9.421,43.012],[9.383,43.01],[9.344,42.999],[9.354,42.916],[9.323,42.899],[9.34,42.867],[9.316,42.844],[9.321,42.825],[9.343,42.796],[9.339,42.758],[9.345,42.737],[9.322,42.714],[9.323,42.697],[9.287,42.675],[9.221,42.736],[9.199,42.725],[9.166,42.737],[9.124,42.732],[9.06,42.682],[9.062,42.666],[9.01,42.64],[8.912,42.629],[8.88,42.629],[8.876,42.614],[8.835,42.602],[8.812,42.605],[8.805,42.572],[8.787,42.558],[8.727,42.562],[8.714,42.539],[8.72,42.525],[8.683,42.515],[8.666,42.496],[8.675,42.477],[8.657,42.417],[8.607,42.416],[8.609,42.387],[8.576,42.383],[8.554,42.371],[8.559,42.341],[8.591,42.353],[8.618,42.347],[8.609,42.309],[8.657,42.302],[8.692,42.277],[8.69,42.264],[8.615,42.252],[8.574,42.228],[8.575,42.169],[8.593,42.166],[8.584,42.13],[8.615,42.133],[8.664,42.106],[8.689,42.115],[8.71,42.096],[8.741,42.041],[8.672,42.02],[8.655,42.002],[8.669,41.983],[8.648,41.968],[8.593,41.965],[8.62,41.94],[8.61,41.911],[8.671,41.905],[8.719,41.908],[8.741,41.932],[8.782,41.924],[8.803,41.891],[8.781,41.883],[8.789,41.852],[8.772,41.835],[8.774,41.815],[8.748,41.811],[8.731,41.777],[8.684,41.747],[8.723,41.724],[8.767,41.74],[8.785,41.732],[8.787,41.708],[8.816,41.713],[8.85,41.696],[8.886,41.69],[8.872,41.647],[8.852,41.648],[8.82,41.63],[8.796,41.632],[8.782,41.587],[8.787,41.564],[8.813,41.549],[8.851,41.538],[8.94,41.489],[8.957,41.493],[9.025,41.466],[9.039,41.469],[9.079,41.441],[9.119,41.44],[9.091,41.402],[9.169,41.384],[9.186,41.366],[9.208,41.366],[9.233,41.386],[9.261,41.422],[9.225,41.417],[9.239,41.445],[9.285,41.479],[9.276,41.505],[9.303,41.546],[9.35,41.566],[9.364,41.596],[9.287,41.609],[9.318,41.622],[9.37,41.637],[9.387,41.66],[9.372,41.678],[9.401,41.694],[9.407,41.768],[9.394,41.798],[9.407,41.824],[9.397,41.874],[9.416,41.929],[9.413,41.952],[9.432,41.981],[9.457,42.002],[9.533,42.089],[9.555,42.127],[9.559,42.197],[9.552,42.232],[9.56,42.284],[9.538,42.344],[9.532,42.382],[9.543,42.429],[9.53,42.488],[9.532,42.549],[9.515,42.585],[9.463,42.64],[9.448,42.666],[9.448,42.69],[9.469,42.767],[9.491,42.794],[9.483,42.864],[9.474,42.886],[9.469,42.936],[9.451,42.962],[9.464,42.987],[9.421,43.012]]]},"properties":{"slug":"corsica","name":"Corsica","tier":"province","kind":"province","source":"pazout","spanSource":"placeholder","basisYear":117,"segmentStart":-275,"segmentEnd":476,"spanStart":-275,"spanEnd":476}},
{"type":"Feature","geometry":{"type":"Polygon","coordinates":[[[34.589,35.695],[34.545,35.688],[34.537,35.677],[34.49,35.659],[34.428,35.65],[34.408,35.635],[34.384,35.636],[34.348,35.622],[34.337,35.602],[34.291,35.576],[34.249,35.571],[34.214,35.556],[34.173,35.559],[34.129,35.508],[34.075,35.493],[33.977,35.446],[33.85,35.413],[33.803,35.415],[33.738,35.402],[33.675,35.365],[33.563,35.346],[33.534,35.346],[33.484,35.333],[33.431,35.332],[33.378,35.338],[33.348,35.335],[33.26,35.35],[33.249,35.345],[33.197,35.359],[33.18,35.35],[33.117,35.364],[33.088,35.353],[32.992,35.369],[32.968,35.387],[32.92,35.398],[32.926,35.351],[32.935,35.344],[32.94,35.297],[32.933,35.258],[32.915,35.205],[32.882,35.162],[32.828,35.141],[32.786,35.161],[32.708,35.184],[32.648,35.195],[32.625,35.193],[32.605,35.178],[32.571,35.17],[32.549,35.173],[32.524,35.144],[32.485,35.081],[32.455,35.058],[32.407,35.04],[32.363,35.046],[32.304,35.084],[32.285,35.106],[32.269,35.07],[32.276,35.037],[32.309,35.006],[32.311,34.949],[32.325,34.926],[32.317,34.9],[32.357,34.859],[32.388,34.841],[32.393,34.79],[32.406,34.764],[32.435,34.738],[32.449,34.734],[32.494,34.703],[32.516,34.707],[32.555,34.698],[32.612,34.668],[32.692,34.645],[32.745,34.646],[32.791,34.664],[32.82,34.662],[32.849,34.67],[32.875,34.667],[32.909,34.639],[32.925,34.616],[32.945,34.57],[32.982,34.573],[33.029,34.563],[33.009,34.594],[33.011,34.641],[33.032,34.668],[33.104,34.701],[33.149,34.713],[33.193,34.707],[33.259,34.705],[33.29,34.725],[33.319,34.718],[33.415,34.751],[33.429,34.764],[33.498,34.784],[33.554,34.82],[33.602,34.816],[33.608,34.835],[33.639,34.868],[33.635,34.878],[33.643,34.937],[33.667,34.966],[33.733,34.983],[33.796,34.975],[33.83,34.963],[33.858,34.943],[33.893,34.955],[33.907,34.974],[33.971,34.988],[34.008,34.984],[34.068,34.96],[34.079,34.986],[34.031,35.047],[33.983,35.081],[33.915,35.16],[33.902,35.194],[33.905,35.255],[33.943,35.305],[33.973,35.324],[34.012,35.32],[34.063,35.327],[34.08,35.366],[34.134,35.416],[34.183,35.444],[34.246,35.469],[34.284,35.48],[34.358,35.535],[34.409,35.557],[34.415,35.578],[34.436,35.601],[34.513,35.633],[34.557,35.642],[34.576,35.658],[34.589,35.695]]]},"properties":{"slug":"cyprus","name":"Cyprus","tier":"province","kind":"province","source":"pazout","spanSource":"placeholder","basisYear":117,"segmentStart":-275,"segmentEnd":476,"spanStart":-275,"spanEnd":476}},
{"type":"Feature","geometry":{"type":"MultiPolygon","coordinates":[[[[22.011,38.933],[21.901,39.152],[21.725,39.44],[21.627,39.758],[21.522,39.863],[21.368,39.906],[21.253,39.977],[21.094,40.137],[20.899,40.241],[20.715,40.361],[20.528,40.498],[20.446,40.541],[20.373,40.558],[20.29,40.562],[20.123,40.564],[19.81,40.564],[19.377,40.557],[19.38,40.531],[19.406,40.501],[19.421,40.5],[19.464,40.459],[19.494,40.446],[19.478,40.396],[19.483,40.345],[19.452,40.326],[19.425,40.321],[19.407,40.34],[19.409,40.363],[19.397,40.389],[19.358,40.422],[19.321,40.439],[19.292,40.42],[19.33,40.389],[19.368,40.344],[19.372,40.308],[19.405,40.278],[19.443,40.235],[19.474,40.214],[19.544,40.182],[19.635,40.144],[19.659,40.125],[19.751,40.099],[19.752,40.083],[19.791,40.068],[19.812,40.047],[19.836,40.051],[19.873,40.027],[19.937,39.942],[19.909,39.908],[19.952,39.894],[19.987,39.87],[20.013,39.873],[20.021,39.846],[20,39.8],[20.008,39.78],[19.973,39.754],[19.999,39.742],[19.981,39.704],[20.026,39.679],[20.06,39.683],[20.113,39.66],[20.144,39.639],[20.186,39.625],[20.184,39.602],[20.156,39.536],[20.185,39.519],[20.231,39.519],[20.263,39.506],[20.254,39.485],[20.224,39.483],[20.273,39.445],[20.234,39.446],[20.232,39.404],[20.269,39.393],[20.288,39.326],[20.342,39.284],[20.42,39.275],[20.441,39.282],[20.471,39.264],[20.475,39.219],[20.531,39.19],[20.605,39.115],[20.641,39.093],[20.669,39.083],[20.711,39.038],[20.711,39.004],[20.701,38.999],[20.727,38.95],[20.757,38.951],[20.757,38.969],[20.808,38.974],[20.757,39.003],[20.759,39.031],[20.776,39.058],[20.77,39.084],[20.819,39.113],[20.855,39.079],[20.866,39.057],[20.891,39.077],[20.931,39.056],[20.944,39.03],[20.964,39.037],[20.985,39.014],[21.016,39.014],[21.058,39.029],[21.088,39.048],[21.111,39.046],[21.153,38.994],[21.142,38.961],[21.151,38.893],[21.1,38.913],[21.087,38.901],[21.091,38.879],[21.065,38.877],[21.018,38.899],[21.023,38.927],[20.995,38.921],[20.97,38.944],[20.908,38.922],[20.875,38.923],[20.848,38.939],[20.84,38.921],[20.794,38.92],[20.761,38.946],[20.748,38.925],[20.764,38.894],[20.796,38.866],[20.756,38.861],[20.73,38.813],[20.754,38.787],[20.765,38.757],[20.814,38.766],[20.836,38.79],[20.87,38.796],[20.894,38.734],[20.895,38.706],[20.922,38.67],[20.988,38.67],[20.988,38.648],[21.023,38.606],[21.021,38.573],[21.012,38.544],[21.028,38.502],[21.044,38.503],[21.077,38.532],[21.098,38.529],[21.076,38.484],[21.111,38.452],[21.126,38.384],[21.105,38.372],[21.106,38.337],[21.128,38.338],[21.142,38.304],[21.181,38.299],[21.267,38.34],[21.264,38.358],[21.306,38.36],[21.344,38.386],[21.338,38.402],[21.35,38.436],[21.301,38.483],[21.318,38.498],[21.281,38.602],[21.393,38.756],[21.492,38.859],[21.621,38.891],[21.705,38.854],[21.893,38.882],[22.011,38.933]]],[[[20.694,38.852],[20.673,38.831],[20.651,38.834],[20.624,38.79],[20.603,38.782],[20.574,38.708],[20.556,38.68],[20.557,38.617],[20.543,38.587],[20.568,38.586],[20.592,38.632],[20.616,38.598],[20.657,38.61],[20.673,38.602],[20.708,38.624],[20.724,38.647],[20.699,38.69],[20.732,38.732],[20.72,38.756],[20.72,38.811],[20.712,38.835],[20.694,38.852]]]]},"properties":{"slug":"epirus","name":"Epirus","tier":"province","kind":"province","source":"pazout","spanSource":"placeholder","basisYear":117,"segmentStart":-275,"segmentEnd":476,"spanStart":-275,"spanEnd":476}},
{"type":"Feature","geometry":{"type":"Polygon","coordinates":[[[31.582,38.841],[31.419,38.848],[30.905,38.754],[30.683,38.643],[30.473,38.445],[30.379,38.075],[30.26,38.027],[29.949,37.749],[29.995,37.645],[30.111,37.534],[30.701,37.305],[31.586,37.038],[31.816,37.02],[32.157,36.902],[32.381,36.996],[32.639,37.09],[32.909,37.163],[33.143,37.257],[33.3,37.343],[33.37,37.453],[33.387,37.524],[33.344,38.951],[33.555,39.23],[34.305,39.491],[34.481,39.647],[34.693,39.889],[34.865,40.158],[35.007,40.478],[35.134,40.793],[35.222,41.108],[35.269,41.423],[34.794,41.437],[33.846,41.292],[33.135,40.805],[32.462,40.428],[31.978,40.196],[31.525,40.049],[30.94,39.977],[30.806,39.976],[30.83,39.842],[30.881,39.702],[30.96,39.663],[31.046,39.643],[31.126,39.633],[31.198,39.604],[31.295,39.55],[31.379,39.396],[31.448,39.322],[31.614,39.291],[31.695,39.296],[31.775,39.289],[31.85,39.263],[31.899,39.23],[32.002,39.139],[32.02,39.056],[32.008,38.975],[31.956,38.903],[31.882,38.866],[31.582,38.841]]]},"properties":{"slug":"galatia","name":"Galatia","tier":"province","kind":"province","source":"pazout","spanSource":"placeholder","basisYear":117,"segmentStart":-275,"segmentEnd":476,"spanStart":-275,"spanEnd":476}},
{"type":"Feature","geometry":{"type":"MultiPolygon","coordinates":[[[[8.856,44.926],[9.683,44.474],[9.706,44.508],[9.783,44.544],[9.888,44.528],[10.063,44.459],[10.355,44.379],[11.006,44.037],[11.233,44.017],[11.745,43.885],[11.8,43.989],[12.036,44.076],[12.28,44.089],[12.368,44.013],[12.528,44.008],[12.728,43.876],[12.81,43.878],[12.892,43.924],[12.797,43.965],[12.738,43.968],[12.712,43.975],[12.655,44.009],[12.623,44.033],[12.575,44.079],[12.548,44.083],[12.521,44.102],[12.392,44.213],[12.354,44.278],[12.327,44.355],[12.317,44.399],[12.289,44.463],[12.28,44.52],[12.283,44.578],[12.275,44.617],[12.24,44.692],[12.249,44.763],[12.285,44.818],[12.29,44.843],[12.317,44.838],[12.329,44.808],[12.393,44.788],[12.466,44.843],[12.512,44.932],[12.553,44.963],[12.547,44.975],[12.459,45.006],[12.358,45.003],[12.185,45.062],[12.036,45.02],[11.882,45.023],[11.81,44.984],[11.683,44.945],[11.623,44.953],[11.521,44.965],[11.379,45.013],[11.301,45.093],[11.148,45.086],[11.074,45.1],[10.938,45.09],[10.822,45.086],[10.697,45.065],[10.625,44.989],[10.514,44.964],[10.312,45.042],[10.232,45.069],[10.085,45.073],[10.05,45.133],[9.86,45.05],[9.696,45.05],[9.376,45.097],[9.053,45.027],[8.856,44.926]]],[[[16.822,40.341],[16.872,40.405],[16.902,40.435],[16.956,40.474],[16.991,40.493],[17.072,40.518],[17.113,40.52],[17.163,40.506],[17.182,40.481],[17.219,40.479],[17.242,40.467],[17.251,40.446],[17.225,40.409],[17.311,40.366],[17.375,40.349],[17.393,40.333],[17.425,40.333],[17.458,40.316],[17.495,40.31],[17.509,40.295],[17.681,40.305],[17.739,40.296],[17.86,40.284],[17.904,40.257],[17.909,40.235],[17.927,40.219],[17.92,40.192],[17.964,40.147],[17.987,40.14],[18.012,40.103],[18.005,40.072],[17.99,40.054],[18.018,40.029],[18.018,40.007],[17.995,39.995],[18.046,39.931],[18.077,39.907],[18.118,39.886],[18.148,39.863],[18.208,39.837],[18.262,39.836],[18.328,39.806],[18.335,39.795],[18.369,39.794],[18.39,39.816],[18.385,39.84],[18.4,39.89],[18.39,39.907],[18.403,39.962],[18.435,40.024],[18.475,40.044],[18.485,40.08],[18.52,40.107],[18.514,40.138],[18.492,40.153],[18.458,40.207],[18.465,40.223],[18.423,40.294],[18.385,40.315],[18.351,40.353],[18.316,40.373],[18.307,40.391],[18.275,40.411],[18.246,40.44],[18.201,40.468],[18.127,40.493],[18.079,40.527],[18.037,40.564],[18.045,40.598],[18.017,40.623],[18.016,40.638],[17.986,40.644],[17.93,40.68],[17.838,40.691],[17.744,40.735],[17.707,40.758],[17.606,40.786],[17.503,40.819],[17.47,40.842],[17.421,40.866],[17.388,40.893],[17.351,40.905],[17.337,40.925],[17.279,40.972],[17.237,40.993],[17.202,41.003],[17.176,41.029],[17.138,41.039],[17.047,41.08],[16.964,41.097],[16.893,41.118],[16.845,41.14],[16.793,41.148],[16.78,41.159],[16.714,41.173],[16.674,41.19],[16.626,41.194],[16.533,41.238],[16.454,41.26],[16.417,41.282],[16.359,41.305],[16.241,41.338],[16.206,41.359],[16.171,41.369],[15.983,41.444],[15.956,41.462],[15.926,41.493],[15.904,41.535],[15.894,41.584],[15.904,41.618],[15.944,41.643],[16.035,41.677],[16.061,41.692],[16.122,41.739],[16.144,41.743],[16.167,41.766],[16.189,41.775],[16.195,41.822],[16.177,41.855],[16.177,41.885],[16.15,41.91],[16.119,41.916],[16.107,41.93],[16.053,41.947],[16.012,41.95],[15.93,41.934],[15.769,41.918],[15.678,41.915],[15.637,41.928],[15.44,41.902],[15.363,41.903],[15.338,41.917],[15.168,41.922],[15.106,41.933],[15.077,41.944],[15.035,41.975],[15.034,41.974],[14.955,41.967],[14.902,41.935],[14.916,41.886],[14.94,41.832],[14.968,41.795],[14.977,41.712],[14.941,41.649],[14.665,41.399],[14.589,41.355],[14.547,41.318],[14.523,41.235],[14.523,41.13],[14.57,41.072],[14.676,41.021],[14.777,40.981],[14.922,40.867],[15.064,40.735],[15.111,40.677],[15.217,40.719],[15.401,40.728],[15.595,40.748],[15.694,40.766],[15.77,40.824],[15.88,40.886],[15.979,40.921],[16.066,40.904],[16.13,40.857],[16.192,40.731],[16.233,40.705],[16.312,40.667],[16.351,40.666],[16.429,40.631],[16.507,40.576],[16.547,40.519],[16.58,40.488],[16.652,40.459],[16.713,40.418],[16.822,40.341]]],[[[14.998,40.393],[14.999,40.361],[14.97,40.341],[14.946,40.337],[14.938,40.319],[14.943,40.275],[14.91,40.257],[14.925,40.232],[14.951,40.233],[14.992,40.218],[15.026,40.178],[15.066,40.165],[15.118,40.177],[15.142,40.164],[15.18,40.125],[15.203,40.124],[15.242,40.09],[15.264,40.082],[15.286,40.035],[15.311,40.032],[15.342,40.005],[15.419,39.991],[15.46,40.034],[15.483,40.038],[15.514,40.069],[15.572,40.078],[15.632,40.067],[15.645,40.042],[15.665,40.039],[15.675,40.016],[15.721,39.977],[15.78,39.892],[15.792,39.856],[15.769,39.836],[15.785,39.817],[15.805,39.743],[15.816,39.679],[15.83,39.67],[15.882,39.544],[15.925,39.527],[15.959,39.479],[15.999,39.436],[16.04,39.336],[16.053,39.291],[16.067,39.133],[16.083,39.093],[16.102,39.025],[16.137,38.989],[16.154,38.954],[16.219,38.918],[16.221,38.86],[16.213,38.811],[16.183,38.747],[16.134,38.717],[16.107,38.712],[16.042,38.727],[15.983,38.722],[15.948,38.691],[15.924,38.687],[15.848,38.659],[15.827,38.619],[15.845,38.613],[15.93,38.549],[15.929,38.53],[15.91,38.476],[15.875,38.42],[15.857,38.379],[15.836,38.364],[15.83,38.325],[15.818,38.302],[15.794,38.28],[15.75,38.257],[15.681,38.247],[15.635,38.231],[15.635,38.185],[15.655,38.151],[15.647,38.113],[15.631,38.102],[15.635,38.075],[15.652,38.066],[15.657,38.039],[15.635,38.02],[15.646,37.992],[15.678,37.954],[15.711,37.936],[15.764,37.916],[15.827,37.918],[15.918,37.93],[15.998,37.916],[16.064,37.925],[16.107,37.967],[16.144,38.031],[16.163,38.133],[16.331,38.298],[16.437,38.328],[16.499,38.361],[16.571,38.427],[16.583,38.458],[16.572,38.537],[16.571,38.591],[16.561,38.621],[16.553,38.692],[16.536,38.705],[16.56,38.743],[16.572,38.773],[16.605,38.811],[16.725,38.872],[16.818,38.91],[16.892,38.929],[16.962,38.939],[16.998,38.929],[17.011,38.912],[17.048,38.919],[17.082,38.913],[17.096,38.899],[17.153,38.946],[17.164,38.995],[17.193,39.023],[17.147,39.046],[17.11,39.099],[17.111,39.128],[17.149,39.204],[17.111,39.246],[17.105,39.266],[17.112,39.319],[17.136,39.375],[17.155,39.396],[17.115,39.407],[17.051,39.44],[17.027,39.48],[16.963,39.495],[16.867,39.539],[16.827,39.568],[16.818,39.588],[16.773,39.62],[16.728,39.617],[16.688,39.622],[16.64,39.62],[16.596,39.628],[16.543,39.655],[16.528,39.668],[16.53,39.724],[16.499,39.743],[16.488,39.791],[16.501,39.824],[16.539,39.872],[16.605,39.93],[16.63,39.965],[16.619,39.976],[16.599,40.042],[16.606,40.079],[16.635,40.11],[16.687,40.148],[16.733,40.205],[16.75,40.246],[16.786,40.301],[16.822,40.341],[16.713,40.418],[16.652,40.459],[16.58,40.488],[16.547,40.519],[16.507,40.576],[16.429,40.631],[16.351,40.666],[16.312,40.667],[16.233,40.705],[16.192,40.731],[16.13,40.857],[16.066,40.904],[15.979,40.921],[15.88,40.886],[15.77,40.824],[15.694,40.766],[15.595,40.748],[15.401,40.728],[15.217,40.719],[15.111,40.677],[15.081,40.643],[15.085,40.572],[14.996,40.488],[15.047,40.421],[14.998,40.393]]],[[[9.861,44.096],[9.909,44.08],[9.909,44.07],[9.965,44.037],[9.994,44.051],[10.066,44.027],[10.115,43.997],[10.185,43.939],[10.24,43.868],[10.24,43.853],[10.262,43.805],[10.278,43.736],[10.283,43.652],[10.297,43.536],[10.319,43.511],[10.33,43.474],[10.373,43.453],[10.42,43.403],[10.456,43.34],[10.463,43.318],[10.504,43.288],[10.521,43.252],[10.536,43.19],[10.54,43.131],[10.53,43.048],[10.512,42.993],[10.483,42.988],[10.486,42.957],[10.499,42.936],[10.522,42.922],[10.565,42.952],[10.662,42.952],[10.695,42.946],[10.765,42.915],[10.785,42.894],[10.769,42.868],[10.776,42.846],[10.765,42.817],[10.742,42.799],[10.785,42.775],[10.852,42.768],[10.906,42.755],[10.953,42.736],[10.979,42.717],[11.015,42.656],[11.085,42.627],[11.116,42.566],[11.153,42.564],[11.189,42.52],[11.191,42.492],[11.182,42.46],[11.157,42.434],[11.122,42.435],[11.105,42.448],[11.088,42.42],[11.1,42.394],[11.151,42.37],[11.177,42.368],[11.208,42.391],[11.214,42.411],[11.267,42.419],[11.3,42.408],[11.383,42.395],[11.453,42.377],[11.513,42.356],[11.586,42.323],[11.636,42.292],[11.695,42.235],[11.721,42.187],[11.739,42.172],[11.736,42.155],[11.769,42.108],[11.808,42.077],[11.835,42.029],[11.915,42.039],[11.98,41.997],[12.027,41.981],[12.049,41.957],[12.14,41.917],[12.428,42.03],[12.574,42.265],[12.478,42.38],[12.331,42.507],[12.289,42.671],[12.334,42.736],[12.41,42.779],[12.405,42.89],[12.469,43.114],[12.027,43.473],[11.745,43.885],[11.233,44.017],[11.006,44.037],[10.355,44.379],[10.063,44.459],[9.888,44.528],[9.783,44.544],[9.706,44.508],[9.683,44.474],[9.767,44.387],[9.756,44.277],[9.861,44.111],[9.861,44.098],[9.863,44.096],[9.861,44.096]]],[[[14.998,40.393],[15.047,40.421],[14.996,40.488],[15.084,40.572],[15.081,40.642],[15.111,40.677],[15.064,40.735],[14.922,40.867],[14.771,40.984],[14.676,41.021],[14.57,41.072],[14.523,41.13],[14.523,41.235],[14.547,41.318],[14.309,41.405],[14.081,41.812],[13.271,42.139],[12.959,42.329],[12.574,42.265],[12.427,42.03],[12.14,41.917],[12.18,41.87],[12.206,41.827],[12.225,41.782],[12.225,41.744],[12.307,41.718],[12.389,41.675],[12.458,41.623],[12.533,41.554],[12.577,41.506],[12.616,41.455],[12.667,41.457],[12.702,41.447],[12.75,41.417],[12.852,41.412],[12.893,41.396],[12.948,41.364],[13,41.312],[13.028,41.268],[13.046,41.227],[13.089,41.224],[13.118,41.249],[13.175,41.276],[13.219,41.284],[13.253,41.282],[13.268,41.295],[13.312,41.295],[13.37,41.283],[13.411,41.268],[13.511,41.222],[13.578,41.205],[13.574,41.241],[13.621,41.261],[13.649,41.258],[13.683,41.244],[13.706,41.254],[13.778,41.213],[13.82,41.179],[13.889,41.098],[13.922,41.028],[13.997,40.955],[14.025,40.913],[14.045,40.862],[14.048,40.789],[14.081,40.792],[14.077,40.825],[14.108,40.831],[14.119,40.82],[14.161,40.816],[14.186,40.792],[14.232,40.832],[14.264,40.845],[14.305,40.832],[14.335,40.806],[14.414,40.752],[14.456,40.748],[14.477,40.716],[14.474,40.691],[14.448,40.688],[14.407,40.644],[14.377,40.629],[14.353,40.634],[14.321,40.587],[14.337,40.577],[14.408,40.6],[14.424,40.612],[14.495,40.627],[14.52,40.615],[14.569,40.616],[14.638,40.65],[14.69,40.633],[14.719,40.667],[14.758,40.678],[14.811,40.65],[14.872,40.593],[14.902,40.554],[14.937,40.491],[14.986,40.42],[14.998,40.393]]],[[[7.531,45.008],[7.467,44.92],[7.423,44.85],[7.425,44.648],[7.491,44.379],[7.581,44.305],[7.646,44.2],[7.631,44.072],[7.537,43.981],[7.472,43.753],[7.515,43.783],[7.575,43.793],[7.673,43.777],[7.7,43.799],[7.736,43.795],[7.785,43.819],[7.842,43.826],[7.869,43.835],[7.907,43.837],[7.965,43.852],[8.041,43.887],[8.068,43.889],[8.09,43.914],[8.128,43.926],[8.149,43.95],[8.17,43.953],[8.16,43.984],[8.171,44.003],[8.224,44.042],[8.227,44.081],[8.271,44.14],[8.292,44.152],[8.336,44.162],[8.372,44.178],[8.405,44.181],[8.416,44.221],[8.456,44.258],[8.442,44.277],[8.456,44.292],[8.492,44.306],[8.506,44.327],[8.542,44.336],[8.625,44.372],[8.639,44.386],[8.687,44.398],[8.693,44.408],[8.742,44.427],[8.776,44.42],[8.836,44.424],[8.871,44.405],[9.096,44.372],[9.142,44.36],[9.155,44.347],[9.147,44.323],[9.208,44.301],[9.215,44.335],[9.241,44.343],[9.352,44.303],[9.39,44.281],[9.403,44.252],[9.432,44.254],[9.444,44.238],[9.494,44.236],[9.529,44.207],[9.552,44.205],[9.567,44.184],[9.61,44.166],[9.633,44.134],[9.657,44.146],[9.718,44.118],[9.761,44.083],[9.813,44.062],[9.847,44.061],[9.82,44.094],[9.836,44.11],[9.848,44.11],[9.854,44.107],[9.858,44.102],[9.858,44.099],[9.861,44.098],[9.861,44.111],[9.756,44.277],[9.767,44.387],[9.683,44.474],[8.856,44.926],[8.606,44.957],[8.328,44.91],[8.086,44.903],[7.943,44.961],[7.531,45.008]]],[[[13.815,42.354],[14.087,42.422],[14.282,42.427],[14.207,42.478],[14.11,42.562],[14.057,42.625],[13.996,42.709],[13.947,42.799],[13.93,42.847],[13.92,42.892],[13.882,42.963],[13.851,43.059],[13.845,43.097],[13.803,43.174],[13.778,43.236],[13.735,43.311],[13.707,43.342],[13.666,43.433],[13.626,43.498],[13.626,43.55],[13.573,43.571],[13.565,43.589],[13.529,43.621],[13.5,43.621],[13.481,43.607],[13.437,43.615],[13.298,43.673],[13.142,43.608],[13.06,43.519],[13.126,43.271],[13.195,43.167],[13.282,43.086],[13.332,43.087],[13.398,43.037],[13.472,42.523],[13.527,42.428],[13.675,42.363],[13.815,42.354]]],[[[14.547,41.318],[14.589,41.355],[14.665,41.399],[14.941,41.649],[14.977,41.712],[14.968,41.795],[14.94,41.832],[14.916,41.886],[14.902,41.935],[14.955,41.967],[15.034,41.974],[15.004,41.991],[14.999,42.005],[14.891,42.024],[14.819,42.05],[14.754,42.079],[14.719,42.104],[14.723,42.126],[14.71,42.172],[14.623,42.198],[14.564,42.223],[14.508,42.253],[14.503,42.27],[14.439,42.314],[14.394,42.371],[14.328,42.401],[14.283,42.427],[14.087,42.422],[13.815,42.354],[13.675,42.363],[13.527,42.428],[13.472,42.523],[13.398,43.037],[13.332,43.087],[13.282,43.086],[13.233,43.084],[13.164,43.029],[12.914,42.658],[12.748,42.516],[12.478,42.38],[12.574,42.265],[12.959,42.329],[13.271,42.139],[14.081,41.812],[14.309,41.405],[14.547,41.318]]],[[[10.05,45.133],[10.022,45.128],[9.951,45.171],[9.819,45.168],[9.769,45.195],[9.684,45.29],[9.536,45.339],[9.488,45.419],[9.551,45.647],[9.499,45.702],[9.396,46.041],[9.421,46.125],[9.49,46.19],[9.51,46.266],[9.415,46.31],[9.323,46.282],[9.235,46.246],[9.119,46.277],[9.037,46.26],[8.994,46.179],[8.923,46.013],[8.721,45.917],[8.392,45.847],[8.05,45.81],[7.838,45.771],[7.767,45.785],[7.65,45.786],[7.549,45.754],[7.506,45.744],[7.409,45.75],[7.344,45.718],[7.201,45.772],[7.174,45.604],[7.289,45.344],[7.328,45.229],[7.509,45.101],[7.531,45.008],[7.943,44.961],[8.086,44.903],[8.328,44.91],[8.606,44.957],[8.856,44.926],[9.053,45.027],[9.376,45.097],[9.696,45.05],[9.86,45.05],[10.05,45.133]]],[[[12.478,42.38],[12.748,42.516],[12.914,42.658],[13.164,43.029],[13.233,43.084],[13.282,43.086],[13.195,43.167],[13.126,43.271],[13.06,43.519],[13.142,43.608],[13.298,43.673],[13.135,43.773],[13.068,43.822],[12.986,43.866],[12.907,43.923],[12.892,43.924],[12.81,43.878],[12.728,43.876],[12.528,44.008],[12.368,44.013],[12.28,44.089],[12.036,44.076],[11.8,43.989],[11.745,43.885],[12.027,43.473],[12.469,43.114],[12.405,42.89],[12.41,42.779],[12.334,42.736],[12.289,42.671],[12.331,42.507],[12.478,42.38]]],[[[9.49,46.19],[9.421,46.125],[9.396,46.041],[9.499,45.702],[9.551,45.647],[9.488,45.419],[9.536,45.339],[9.684,45.29],[9.769,45.195],[9.819,45.168],[9.951,45.171],[10.022,45.128],[10.05,45.133],[10.085,45.073],[10.232,45.069],[10.312,45.042],[10.514,44.964],[10.625,44.989],[10.697,45.065],[10.822,45.086],[10.938,45.09],[11.074,45.1],[11.148,45.086],[11.301,45.093],[11.379,45.013],[11.521,44.965],[11.623,44.953],[11.683,44.945],[11.81,44.984],[11.882,45.023],[12.036,45.02],[12.185,45.062],[12.358,45.003],[12.459,45.006],[12.386,45.052],[12.336,45.098],[12.327,45.131],[12.332,45.165],[12.309,45.189],[12.297,45.244],[12.274,45.231],[12.239,45.232],[12.223,45.258],[12.244,45.279],[12.272,45.345],[12.264,45.388],[12.286,45.445],[12.388,45.504],[12.424,45.53],[12.489,45.544],[12.522,45.545],[12.538,45.533],[12.491,45.517],[12.457,45.487],[12.413,45.427],[12.479,45.449],[12.585,45.479],[12.667,45.511],[12.751,45.549],[12.865,45.587],[12.908,45.613],[13.008,45.628],[13.1,45.637],[13.111,45.664],[13.153,45.695],[13.187,45.711],[13.241,45.714],[13.284,45.705],[13.328,45.686],[13.386,45.675],[13.428,45.676],[13.531,45.724],[13.521,45.762],[13.548,45.793],[13.562,45.778],[13.626,45.769],[13.677,45.737],[13.752,45.681],[13.769,45.653],[13.748,45.645],[13.797,45.604],[13.733,45.61],[13.712,45.585],[13.742,45.573],[13.72,45.543],[13.692,45.548],[13.644,45.532],[13.617,45.54],[13.6,45.525],[13.581,45.479],[13.506,45.505],[13.491,45.486],[13.509,45.475],[13.524,45.437],[13.515,45.416],[13.545,45.378],[13.541,45.328],[13.581,45.298],[13.579,45.269],[13.595,45.237],[13.581,45.196],[13.603,45.181],[13.61,45.159],[13.603,45.132],[13.612,45.108],[13.64,45.097],[13.636,45.069],[13.689,45.049],[13.69,45.024],[13.712,45.016],[13.737,44.991],[13.765,44.979],[13.811,44.906],[13.804,44.885],[13.848,44.873],[13.822,44.859],[13.848,44.823],[13.866,44.809],[13.915,44.829],[13.948,44.804],[14.002,44.803],[13.978,44.84],[13.995,44.881],[14.039,44.918],[14.045,44.945],[14.107,44.971],[14.15,44.959],[14.172,44.986],[14.154,45.049],[14.21,45.118],[14.178,45.197],[14.215,45.3],[14.295,45.378],[14.411,45.505],[14.525,45.608],[14.677,45.793],[14.746,45.909],[14.845,46.041],[14.933,46.181],[14.925,46.285],[14.822,46.352],[14.72,46.377],[14.596,46.4],[14.435,46.425],[14.371,46.48],[14.256,46.544],[14.167,46.563],[14.1,46.625],[14.043,46.616],[13.934,46.624],[13.567,46.804],[13.44,46.825],[13.352,46.77],[13.2,46.762],[13.003,46.779],[12.869,46.822],[12.773,46.823],[12.652,46.762],[12.501,46.743],[12.516,46.518],[12.467,46.404],[12.331,46.319],[12.223,46.265],[11.959,46.255],[11.603,46.254],[11.21,46.28],[10.879,46.308],[10.665,46.33],[10.417,46.31],[10.099,46.24],[9.831,46.205],[9.607,46.187],[9.49,46.19]]]]},"properties":{"slug":"italia","name":"Italia","tier":"province","kind":"territory","source":"pazout","spanSource":"placeholder","basisYear":117,"segmentStart":-275,"segmentEnd":6,"spanStart":-275,"spanEnd":6}},
{"type":"Feature","geometry":{"type":"MultiPolygon","coordinates":[[[[29.914,36.198],[29.871,36.185],[29.881,36.17],[29.914,36.198]]],[[[28.723,36.706],[28.787,36.686],[28.845,36.636],[28.826,36.627],[28.829,36.605],[28.847,36.59],[28.881,36.626],[28.862,36.644],[28.868,36.688],[28.903,36.704],[28.937,36.756],[28.953,36.735],[28.97,36.732],[29.057,36.681],[29.094,36.678],[29.122,36.648],[29.115,36.625],[29.078,36.644],[29.076,36.615],[29.045,36.621],[29.031,36.608],[29.033,36.568],[29.047,36.559],[29.09,36.557],[29.127,36.541],[29.126,36.522],[29.101,36.475],[29.122,36.456],[29.134,36.428],[29.13,36.414],[29.103,36.404],[29.123,36.379],[29.148,36.376],[29.157,36.357],[29.217,36.326],[29.225,36.328],[29.261,36.293],[29.319,36.247],[29.355,36.23],[29.373,36.256],[29.418,36.259],[29.408,36.232],[29.449,36.229],[29.471,36.214],[29.499,36.21],[29.545,36.212],[29.574,36.203],[29.612,36.204],[29.651,36.192],[29.657,36.153],[29.694,36.145],[29.72,36.163],[29.756,36.155],[29.777,36.137],[29.824,36.164],[29.839,36.195],[29.884,36.193],[29.93,36.234],[29.974,36.221],[30.013,36.233],[30.044,36.251],[30.073,36.259],[30.112,36.247],[30.151,36.301],[30.196,36.315],[30.278,36.315],[30.321,36.3],[30.37,36.269],[30.387,36.278],[30.414,36.268],[30.403,36.215],[30.43,36.229],[30.438,36.245],[30.488,36.28],[30.468,36.315],[30.52,36.33],[30.476,36.398],[30.491,36.439],[30.509,36.441],[30.507,36.465],[30.55,36.524],[30.592,36.591],[30.558,36.616],[30.555,36.65],[30.569,36.673],[30.574,36.704],[30.564,36.728],[30.576,36.798],[30.62,36.847],[30.678,36.884],[30.703,36.885],[30.73,36.858],[30.756,36.848],[31,36.858],[31.056,36.85],[31.08,36.841],[31.227,36.823],[31.304,36.815],[31.359,36.799],[31.413,36.757],[31.469,36.745],[31.582,36.701],[31.636,36.672],[31.673,36.644],[31.735,36.642],[31.775,36.614],[31.812,36.595],[32.157,36.902],[31.816,37.02],[31.586,37.038],[30.701,37.305],[30.111,37.534],[29.995,37.645],[29.949,37.749],[29.822,37.662],[29.577,37.563],[29.219,37.301],[28.934,37.068],[28.787,36.909],[28.776,36.807],[28.721,36.755],[28.723,36.706]]]]},"properties":{"slug":"lycia-et-pamphylia","name":"Lycia et Pamphylia","tier":"province","kind":"province","source":"pazout","spanSource":"placeholder","basisYear":117,"segmentStart":-275,"segmentEnd":476,"spanStart":-275,"spanEnd":476}},
{"type":"Feature","geometry":{"type":"MultiPolygon","coordinates":[[[[23.332,40.197],[23.317,40.147],[23.321,40.125],[23.307,40.102],[23.309,40.084],[23.342,40.054],[23.38,40.007],[23.377,39.983],[23.359,39.961],[23.417,39.961],[23.442,39.97],[23.479,39.967],[23.592,39.922],[23.655,39.915],[23.683,39.917],[23.716,39.908],[23.745,39.928],[23.691,39.934],[23.672,39.974],[23.59,39.997],[23.504,40.028],[23.468,40.054],[23.44,40.102],[23.397,40.139],[23.374,40.141],[23.355,40.156],[23.347,40.183],[23.332,40.197]]],[[[22.011,38.933],[22.139,38.885],[22.278,38.867],[22.317,38.839],[22.339,38.804],[22.366,38.778],[22.407,38.754],[22.473,38.759],[22.534,38.772],[22.598,38.794],[22.638,38.831],[22.614,38.823],[22.576,38.824],[22.554,38.834],[22.569,38.865],[22.548,38.881],[22.584,38.894],[22.605,38.91],[22.646,38.904],[22.668,38.883],[22.751,38.869],[22.831,38.889],[22.855,38.926],[22.918,38.918],[22.964,38.952],[22.996,38.954],[23.026,39.015],[22.999,39.017],[22.958,39.009],[22.959,39.029],[22.986,39.035],[22.994,39.071],[22.964,39.119],[22.922,39.113],[22.911,39.16],[22.874,39.175],[22.849,39.157],[22.824,39.204],[22.814,39.239],[22.822,39.277],[22.877,39.293],[22.937,39.295],[22.925,39.32],[22.959,39.351],[22.993,39.351],[23.011,39.34],[23.021,39.316],[23.074,39.315],[23.121,39.305],[23.164,39.272],[23.182,39.246],[23.191,39.21],[23.222,39.176],[23.204,39.143],[23.173,39.125],[23.142,39.122],[23.117,39.129],[23.105,39.155],[23.069,39.14],[23.055,39.095],[23.072,39.086],[23.122,39.084],[23.144,39.096],[23.203,39.103],[23.209,39.126],[23.25,39.127],[23.273,39.141],[23.3,39.14],[23.344,39.171],[23.351,39.187],[23.317,39.246],[23.282,39.278],[23.276,39.314],[23.255,39.336],[23.232,39.343],[23.178,39.407],[23.17,39.408],[23.115,39.464],[23.096,39.499],[23.049,39.528],[23.012,39.533],[23.005,39.55],[22.936,39.573],[22.904,39.626],[22.889,39.678],[22.865,39.737],[22.852,39.799],[22.813,39.816],[22.77,39.855],[22.739,39.867],[22.713,39.91],[22.718,39.937],[22.705,39.955],[22.644,39.982],[22.595,40.011],[22.569,40.059],[22.568,40.098],[22.548,40.142],[22.566,40.185],[22.591,40.211],[22.586,40.228],[22.609,40.293],[22.662,40.363],[22.628,40.375],[22.613,40.404],[22.607,40.442],[22.586,40.46],[22.594,40.473],[22.645,40.476],[22.658,40.491],[22.655,40.523],[22.698,40.529],[22.732,40.518],[22.741,40.558],[22.774,40.57],[22.795,40.564],[22.857,40.595],[22.861,40.627],[22.895,40.644],[22.929,40.637],[22.952,40.621],[22.938,40.579],[22.981,40.552],[22.974,40.535],[22.941,40.514],[22.864,40.501],[22.817,40.502],[22.822,40.475],[22.851,40.469],[22.867,40.432],[22.882,40.427],[22.91,40.38],[22.945,40.381],[22.99,40.365],[23.012,40.347],[23.018,40.326],[23.123,40.291],[23.14,40.275],[23.17,40.272],[23.196,40.257],[23.219,40.256],[23.291,40.237],[23.316,40.217],[23.338,40.224],[23.39,40.275],[23.429,40.276],[23.461,40.262],[23.498,40.258],[23.528,40.238],[23.585,40.225],[23.65,40.225],[23.697,40.193],[23.724,40.167],[23.733,40.143],[23.773,40.117],[23.773,40.096],[23.792,40.089],[23.787,40.065],[23.813,40.042],[23.814,40.024],[23.855,40.017],[23.873,39.996],[23.892,39.994],[23.919,39.948],[23.949,39.938],[23.995,39.956],[23.987,39.983],[24.021,40.009],[24.02,40.029],[23.986,40.046],[24.008,40.058],[23.982,40.078],[23.969,40.127],[23.934,40.138],[23.915,40.158],[23.823,40.181],[23.78,40.189],[23.71,40.257],[23.694,40.287],[23.708,40.334],[23.736,40.354],[23.783,40.337],[23.83,40.365],[23.861,40.37],[23.891,40.36],[23.931,40.361],[23.964,40.346],[23.98,40.325],[24.04,40.293],[24.091,40.287],[24.127,40.288],[24.164,40.279],[24.193,40.241],[24.219,40.223],[24.218,40.203],[24.274,40.168],[24.29,40.13],[24.313,40.116],[24.399,40.142],[24.395,40.161],[24.375,40.193],[24.285,40.248],[24.266,40.29],[24.248,40.31],[24.212,40.316],[24.188,40.328],[24.192,40.342],[24.156,40.359],[24.137,40.353],[24.067,40.367],[24.035,40.398],[24.02,40.435],[23.994,40.441],[24.011,40.393],[23.971,40.377],[23.927,40.382],[23.892,40.394],[23.838,40.441],[23.82,40.489],[23.831,40.517],[23.883,40.518],[23.918,40.529],[23.894,40.553],[23.834,40.557],[23.817,40.58],[23.783,40.593],[23.781,40.614],[23.742,40.656],[23.695,40.668],[23.701,40.703],[23.728,40.745],[23.784,40.77],[23.848,40.786],[23.921,40.753],[24.002,40.73],[24.067,40.718],[24.137,40.736],[24.204,40.774],[24.309,40.818],[24.305,40.838],[24.336,40.859],[24.315,40.868],[24.342,40.9],[24.429,40.945],[24.475,40.953],[24.406,40.967],[24.285,41.083],[24.253,41.136],[24.203,41.256],[24.082,41.364],[23.967,41.409],[23.829,41.505],[23.573,41.58],[23.384,41.608],[23.07,41.697],[22.725,41.821],[22.379,41.945],[22.262,42.028],[22.18,42.064],[22.055,42],[21.861,41.937],[21.679,41.873],[21.543,41.861],[21.307,41.902],[21.099,41.947],[20.674,41.975],[20.637,42.031],[20.624,42.011],[20.595,41.993],[19.58,41.723],[19.582,41.701],[19.57,41.659],[19.598,41.641],[19.566,41.583],[19.509,41.569],[19.449,41.585],[19.469,41.55],[19.505,41.54],[19.514,41.518],[19.505,41.479],[19.483,41.452],[19.456,41.434],[19.442,41.401],[19.418,41.371],[19.42,41.325],[19.435,41.311],[19.48,41.312],[19.515,41.276],[19.513,41.232],[19.484,41.198],[19.473,41.163],[19.437,41.146],[19.456,41.113],[19.456,41.069],[19.441,41.042],[19.443,41.003],[19.452,40.989],[19.491,40.978],[19.517,40.951],[19.511,40.925],[19.485,40.904],[19.432,40.928],[19.416,40.917],[19.387,40.842],[19.365,40.828],[19.375,40.803],[19.369,40.724],[19.353,40.699],[19.314,40.66],[19.346,40.615],[19.377,40.557],[19.81,40.564],[20.123,40.564],[20.29,40.562],[20.373,40.558],[20.446,40.541],[20.528,40.498],[20.715,40.361],[20.899,40.241],[21.094,40.137],[21.253,39.977],[21.368,39.906],[21.522,39.863],[21.627,39.758],[21.725,39.44],[21.901,39.152],[22.011,38.933]]]]},"properties":{"slug":"macedonia","name":"Macedonia","tier":"province","kind":"province","source":"pazout","spanSource":"placeholder","basisYear":117,"segmentStart":-275,"segmentEnd":476,"spanStart":-275,"spanEnd":476}},
{"type":"Feature","geometry":{"type":"Polygon","coordinates":[[[8.855,32.667],[8.826,33.011],[8.739,33.412],[8.584,33.872],[8.507,34.023],[8.4,34.128],[8.272,34.322],[8.234,34.549],[8.248,34.818],[8.286,35.027],[8.354,35.215],[8.489,35.382],[8.638,35.514],[8.788,35.674],[8.933,35.852],[9.046,36.022],[9.109,36.236],[9.139,36.443],[9.133,36.688],[9.001,37.048],[8.98,37.093],[8.954,37.062],[8.844,36.98],[8.781,36.953],[8.74,36.97],[8.68,36.96],[8.634,36.936],[8.556,36.927],[8.515,36.907],[8.424,36.897],[8.402,36.914],[8.361,36.922],[8.315,36.916],[8.271,36.916],[8.226,36.952],[8.126,36.905],[8.034,36.871],[7.942,36.847],[7.846,36.843],[7.778,36.864],[7.761,36.884],[7.773,36.904],[7.76,36.929],[7.77,36.959],[7.702,36.951],[7.681,36.969],[7.642,36.963],[7.603,36.968],[7.558,36.992],[7.553,37.006],[7.526,37.019],[7.513,37.042],[7.461,37.046],[7.413,37.039],[7.381,37.063],[7.337,37.065],[7.306,37.072],[7.273,37.066],[7.232,37.087],[7.181,37.077],[7.221,37.045],[7.256,37.027],[7.246,36.988],[7.214,36.953],[7.161,36.917],[7.121,36.908],[7.102,36.92],[7.048,36.902],[6.986,36.888],[6.931,36.881],[6.88,36.897],[6.886,36.92],[6.848,36.936],[6.839,36.955],[6.8,36.956],[6.769,36.945],[6.751,36.952],[6.72,36.945],[6.584,36.975],[6.563,36.993],[6.569,37.022],[6.539,37.035],[6.512,37.074],[6.472,37.088],[6.45,37.082],[6.367,37.077],[6.336,37.068],[6.308,37.04],[6.266,37.027],[6.26,37.004],[6.239,36.983],[6.265,36.955],[6.251,36.93],[6.203,36.906],[6.141,36.891],[6.031,36.85],[6.111,36.747],[6.314,36.576],[6.421,36.454],[6.449,36.318],[6.402,36.14],[6.317,35.966],[6.19,35.825],[6.016,35.664],[5.786,35.487],[5.564,35.296],[5.394,35.111],[5.317,34.991],[5.301,34.858],[5.262,34.606],[5.239,34.321],[5.257,34.085],[5.318,33.855],[5.434,33.687],[5.493,33.547],[5.911,33.535],[6.795,33.378],[8.009,32.985],[8.855,32.667]]]},"properties":{"slug":"numidia","name":"Numidia","tier":"province","kind":"province","source":"pazout","spanSource":"placeholder","basisYear":117,"segmentStart":-275,"segmentEnd":476,"spanStart":-275,"spanEnd":476}},
{"type":"Feature","geometry":{"type":"Polygon","coordinates":[[[17.784,44.652],[18.123,44.622],[18.498,44.57],[18.843,44.543],[19.181,44.547],[19.609,44.559],[19.86,44.597],[20.075,44.643],[20.132,44.673],[20.215,44.689],[20.264,44.735],[20.336,44.746],[20.407,44.749],[20.45,44.84],[20.396,44.865],[20.336,44.907],[20.292,44.963],[20.303,44.987],[20.367,45.009],[20.368,45.046],[20.27,45.15],[20.189,45.187],[20.01,45.173],[19.891,45.265],[19.859,45.271],[19.825,45.229],[19.695,45.235],[19.655,45.241],[19.583,45.219],[19.545,45.258],[19.503,45.255],[19.467,45.241],[19.276,45.247],[19.173,45.277],[19.116,45.302],[19.098,45.344],[19.033,45.348],[18.984,45.379],[19.008,45.393],[19.033,45.392],[19.043,45.413],[19,45.454],[19.013,45.482],[19.054,45.473],[19.12,45.498],[19.101,45.528],[19.015,45.563],[18.958,45.544],[18.911,45.574],[18.986,45.659],[18.97,45.685],[18.922,45.713],[18.892,45.785],[18.867,45.796],[18.856,45.814],[18.877,45.856],[18.849,45.9],[18.791,45.931],[18.764,45.975],[18.699,46.007],[18.84,46.123],[18.931,46.165],[18.935,46.344],[18.904,46.401],[18.942,46.471],[18.913,46.522],[18.901,46.614],[18.971,46.637],[19.025,46.695],[19.005,46.771],[18.94,46.829],[18.988,46.924],[18.991,47.031],[18.906,47.106],[18.916,47.227],[18.974,47.357],[19.035,47.386],[19.084,47.471],[19.068,47.513],[19.13,47.644],[19.151,47.786],[19.115,47.814],[19.059,47.834],[18.96,47.81],[18.924,47.79],[18.892,47.825],[18.804,47.831],[18.719,47.809],[18.763,47.779],[18.684,47.673],[18.675,47.582],[18.491,47.396],[18.364,47.254],[18.258,47.121],[18.27,47.03],[18.23,46.86],[18.207,46.758],[18.182,46.597],[18.219,46.544],[18.248,46.413],[18.157,46.138],[18.18,46.045],[18.14,45.881],[18.11,45.778],[18.116,45.711],[18.126,45.617],[18.133,45.473],[18.144,45.345],[18.147,45.311],[18.107,45.2],[18.041,45.025],[17.96,44.878],[17.88,44.754],[17.784,44.652]]]},"properties":{"slug":"pannonia-inferior","name":"Pannonia Inferior","tier":"province","kind":"province","source":"pazout","spanSource":"placeholder","basisYear":117,"segmentStart":-275,"segmentEnd":476,"spanStart":-275,"spanEnd":476}},
{"type":"Feature","geometry":{"type":"Polygon","coordinates":[[[16.397,48.27],[16.317,48.195],[16.155,48.126],[16.058,47.938],[15.984,47.613],[16.013,47.479],[16.093,47.266],[16.154,47.047],[16.175,46.88],[16.179,46.718],[16.196,46.509],[16.132,46.371],[16.022,46.259],[15.908,46.123],[15.595,45.951],[15.244,46.033],[15.04,46.096],[14.845,46.041],[14.746,45.909],[14.677,45.793],[14.525,45.608],[14.411,45.505],[14.774,45.352],[15.157,45.209],[15.36,45.139],[15.613,45.061],[16.088,44.93],[17.037,44.723],[17.397,44.696],[17.61,44.669],[17.784,44.652],[17.882,44.755],[17.961,44.877],[18.044,45.026],[18.147,45.312],[18.111,45.779],[18.14,45.881],[18.166,45.99],[18.179,46.047],[18.157,46.139],[18.248,46.412],[18.217,46.543],[18.183,46.598],[18.206,46.758],[18.245,46.924],[18.27,47.028],[18.257,47.121],[18.364,47.254],[18.49,47.396],[18.674,47.581],[18.684,47.673],[18.763,47.779],[18.719,47.809],[18.593,47.783],[18.402,47.762],[18.036,47.751],[17.936,47.762],[17.786,47.752],[17.695,47.771],[17.574,47.842],[17.413,47.975],[17.321,48.008],[17.161,48.138],[16.974,48.176],[16.835,48.122],[16.588,48.137],[16.464,48.191],[16.447,48.22],[16.397,48.27]]]},"properties":{"slug":"pannonia-superior","name":"Pannonia Superior","tier":"province","kind":"province","source":"pazout","spanSource":"placeholder","basisYear":117,"segmentStart":-275,"segmentEnd":476,"spanStart":-275,"spanEnd":476}},
{"type":"Feature","geometry":{"type":"Polygon","coordinates":[[[12.47,41.879],[12.5,41.871],[12.523,41.885],[12.507,41.909],[12.473,41.91],[12.47,41.879]]]},"properties":{"slug":"roma","name":"Roma","tier":"city","kind":"city","source":"pazout","spanSource":"placeholder","basisYear":117,"segmentStart":-275,"segmentEnd":1453,"spanStart":-275,"spanEnd":1453}},
{"type":"Feature","geometry":{"type":"MultiPolygon","coordinates":[[[[8.249,41.033],[8.28,41.06],[8.339,41.06],[8.345,41.097],[8.299,41.105],[8.247,41.049],[8.249,41.033]]],[[[9.419,41.146],[9.394,41.166],[9.336,41.199],[9.302,41.191],[9.271,41.239],[9.235,41.25],[9.175,41.246],[9.156,41.202],[9.171,41.174],[9.159,41.161],[9.111,41.136],[9.073,41.128],[8.891,41.025],[8.874,40.992],[8.802,40.922],[8.651,40.892],[8.625,40.864],[8.582,40.836],[8.504,40.821],[8.449,40.822],[8.417,40.841],[8.369,40.838],[8.314,40.845],[8.25,40.891],[8.232,40.912],[8.23,40.952],[8.197,40.957],[8.199,40.912],[8.219,40.9],[8.219,40.869],[8.195,40.828],[8.167,40.796],[8.144,40.727],[8.175,40.695],[8.204,40.688],[8.183,40.636],[8.144,40.623],[8.155,40.581],[8.21,40.615],[8.221,40.579],[8.299,40.591],[8.318,40.571],[8.315,40.556],[8.351,40.504],[8.374,40.49],[8.398,40.43],[8.4,40.401],[8.387,40.364],[8.402,40.338],[8.421,40.338],[8.464,40.303],[8.487,40.294],[8.498,40.268],[8.463,40.229],[8.468,40.199],[8.458,40.183],[8.462,40.148],[8.49,40.104],[8.489,40.08],[8.458,40.053],[8.412,40.041],[8.411,39.999],[8.393,39.98],[8.401,39.957],[8.397,39.91],[8.425,39.893],[8.441,39.901],[8.509,39.908],[8.538,39.891],[8.556,39.85],[8.545,39.795],[8.518,39.748],[8.529,39.719],[8.504,39.698],[8.477,39.733],[8.448,39.738],[8.454,39.698],[8.445,39.678],[8.453,39.621],[8.471,39.601],[8.469,39.576],[8.448,39.541],[8.429,39.492],[8.402,39.445],[8.411,39.418],[8.379,39.376],[8.397,39.338],[8.416,39.336],[8.437,39.292],[8.428,39.273],[8.394,39.249],[8.378,39.222],[8.379,39.203],[8.4,39.194],[8.438,39.156],[8.442,39.116],[8.473,39.112],[8.488,39.085],[8.48,39.073],[8.518,39.062],[8.575,39.032],[8.565,39],[8.574,38.977],[8.616,38.953],[8.624,38.937],[8.609,38.892],[8.654,38.898],[8.706,38.92],[8.727,38.936],[8.784,38.898],[8.822,38.893],[8.843,38.876],[8.898,38.902],[8.99,38.975],[9.026,39],[9.034,39.031],[9.009,39.124],[9.039,39.174],[9.095,39.217],[9.154,39.185],[9.165,39.205],[9.211,39.227],[9.23,39.228],[9.273,39.213],[9.295,39.214],[9.338,39.194],[9.405,39.145],[9.447,39.126],[9.485,39.136],[9.532,39.129],[9.564,39.142],[9.569,39.158],[9.554,39.2],[9.589,39.275],[9.606,39.293],[9.596,39.363],[9.624,39.419],[9.639,39.439],[9.642,39.493],[9.633,39.497],[9.639,39.539],[9.652,39.554],[9.657,39.599],[9.647,39.651],[9.66,39.668],[9.659,39.693],[9.675,39.71],[9.671,39.798],[9.685,39.841],[9.696,39.85],[9.682,39.873],[9.683,39.906],[9.704,39.937],[9.69,39.943],[9.687,39.984],[9.7,40],[9.706,40.033],[9.725,40.063],[9.72,40.094],[9.702,40.102],[9.655,40.143],[9.626,40.208],[9.623,40.247],[9.636,40.283],[9.685,40.34],[9.722,40.37],[9.754,40.381],[9.773,40.408],[9.773,40.426],[9.798,40.452],[9.821,40.494],[9.82,40.534],[9.795,40.545],[9.791,40.571],[9.755,40.595],[9.743,40.627],[9.75,40.68],[9.722,40.7],[9.701,40.756],[9.672,40.783],[9.672,40.803],[9.693,40.847],[9.658,40.856],[9.654,40.88],[9.623,40.889],[9.603,40.909],[9.587,40.9],[9.552,40.92],[9.506,40.911],[9.509,40.928],[9.559,40.939],[9.593,40.966],[9.589,40.99],[9.611,41.003],[9.592,41.018],[9.524,41.033],[9.529,41.069],[9.563,41.085],[9.566,41.117],[9.517,41.146],[9.494,41.126],[9.463,41.119],[9.441,41.104],[9.419,41.146]]],[[[8.292,39.094],[8.31,39.111],[8.308,39.145],[8.25,39.133],[8.247,39.109],[8.292,39.094]]],[[[8.414,38.955],[8.445,38.969],[8.452,39.02],[8.439,39.059],[8.422,39.068],[8.351,39.077],[8.361,39.037],[8.414,38.955]]]]},"properties":{"slug":"sardinia","name":"Sardinia","tier":"province","kind":"province","source":"pazout","spanSource":"placeholder","basisYear":117,"segmentStart":-275,"segmentEnd":476,"spanStart":-275,"spanEnd":476}},
{"type":"Feature","geometry":{"type":"Polygon","coordinates":[[[27.587,42.862],[27.385,42.882],[27.12,42.896],[26.741,42.874],[26.532,42.822],[25.914,42.785],[24.206,42.793],[23.791,42.888],[23.503,42.985],[23.214,43.063],[22.89,43.201],[22.656,43.422],[22.486,43.313],[22.453,43.121],[22.651,42.914],[22.786,42.805],[22.838,42.717],[22.799,42.639],[22.657,42.642],[22.477,42.629],[22.412,42.528],[22.387,42.458],[22.284,42.361],[22.525,42.151],[22.367,42.09],[22.18,42.064],[22.261,42.029],[22.378,41.946],[23.073,41.697],[23.383,41.608],[23.573,41.581],[23.828,41.505],[23.967,41.409],[24.083,41.363],[24.203,41.257],[24.252,41.135],[24.318,41.032],[24.406,40.967],[24.553,40.954],[24.571,40.922],[24.603,40.894],[24.63,40.859],[24.662,40.873],[24.694,40.867],[24.704,40.852],[24.756,40.86],[24.804,40.846],[24.826,40.869],[24.893,40.915],[24.965,40.934],[24.983,40.93],[24.999,40.961],[25.054,40.998],[25.081,41.007],[25.135,40.998],[25.13,40.956],[25.175,40.94],[25.214,40.941],[25.253,40.935],[25.297,40.943],[25.357,40.937],[25.38,40.91],[25.443,40.9],[25.503,40.882],[25.508,40.873],[25.561,40.857],[25.588,40.869],[25.732,40.846],[25.815,40.851],[25.87,40.841],[25.911,40.848],[25.951,40.842],[25.995,40.816],[26.011,40.814],[26.036,40.776],[26.029,40.738],[26.054,40.708],[26.065,40.675],[26.061,40.639],[26.073,40.62],[26.123,40.594],[26.159,40.59],[26.216,40.598],[26.304,40.591],[26.358,40.606],[26.417,40.601],[26.443,40.614],[26.479,40.612],[26.532,40.592],[26.59,40.631],[26.744,40.644],[26.796,40.657],[26.816,40.648],[26.832,40.618],[26.836,40.582],[26.795,40.555],[26.767,40.545],[26.741,40.554],[26.716,40.533],[26.704,40.51],[26.625,40.508],[26.589,40.497],[26.492,40.447],[26.456,40.441],[26.411,40.41],[26.363,40.385],[26.319,40.368],[26.296,40.352],[26.267,40.347],[26.22,40.32],[26.247,40.304],[26.232,40.288],[26.263,40.27],[26.281,40.25],[26.271,40.194],[26.238,40.156],[26.206,40.099],[26.167,40.051],[26.189,40.041],[26.309,40.093],[26.346,40.125],[26.381,40.144],[26.358,40.191],[26.363,40.205],[26.423,40.221],[26.488,40.262],[26.519,40.293],[26.549,40.3],[26.585,40.319],[26.631,40.364],[26.626,40.385],[26.643,40.404],[26.675,40.404],[26.698,40.42],[26.695,40.451],[26.74,40.477],[26.854,40.511],[26.91,40.54],[26.978,40.556],[27.034,40.594],[27.066,40.605],[27.147,40.616],[27.309,40.703],[27.331,40.735],[27.336,40.756],[27.392,40.806],[27.456,40.848],[27.462,40.894],[27.492,40.951],[27.513,40.975],[27.605,40.986],[27.681,41.004],[27.737,41.013],[27.778,41.011],[27.842,40.992],[27.865,40.97],[27.889,40.965],[27.927,40.97],[27.979,40.984],[27.99,41.018],[28.025,41.04],[28.075,41.057],[28.182,41.073],[28.236,41.077],[28.26,41.063],[28.352,41.056],[28.406,41.046],[28.466,41.025],[28.537,40.988],[28.554,41.009],[28.596,41.014],[28.598,40.967],[28.621,40.961],[28.665,40.963],[28.692,40.972],[28.741,40.97],[28.768,40.98],[28.817,40.955],[28.839,40.958],[28.925,40.988],[28.935,40.999],[28.98,41.002],[28.997,41.037],[29.033,41.05],[29.057,41.083],[29.054,41.099],[29.07,41.12],[29.038,41.159],[29.073,41.175],[29.113,41.229],[29.078,41.254],[29.049,41.257],[29.033,41.246],[28.965,41.255],[28.922,41.272],[28.888,41.274],[28.796,41.303],[28.768,41.323],[28.727,41.327],[28.686,41.342],[28.621,41.356],[28.434,41.431],[28.273,41.496],[28.187,41.553],[28.182,41.571],[28.104,41.626],[28.088,41.654],[28.099,41.68],[28.064,41.703],[28.039,41.736],[28.042,41.753],[27.999,41.795],[27.982,41.829],[27.981,41.868],[28.02,41.894],[28.057,41.885],[28.044,41.916],[28.049,41.945],[28.029,41.973],[28.032,41.995],[28.019,42.007],[28.004,42.042],[27.969,42.07],[27.955,42.093],[27.913,42.112],[27.898,42.141],[27.876,42.15],[27.819,42.207],[27.779,42.226],[27.756,42.246],[27.754,42.283],[27.786,42.308],[27.781,42.33],[27.754,42.327],[27.73,42.337],[27.709,42.369],[27.71,42.4],[27.646,42.421],[27.65,42.45],[27.614,42.444],[27.583,42.459],[27.546,42.455],[27.522,42.43],[27.492,42.446],[27.446,42.459],[27.45,42.482],[27.484,42.496],[27.493,42.532],[27.509,42.551],[27.537,42.559],[27.557,42.551],[27.578,42.562],[27.617,42.565],[27.631,42.593],[27.632,42.618],[27.649,42.639],[27.712,42.646],[27.719,42.699],[27.731,42.709],[27.808,42.701],[27.898,42.7],[27.587,42.862]]]},"properties":{"slug":"thracia","name":"Thracia","tier":"province","kind":"province","source":"pazout","spanSource":"placeholder","basisYear":117,"segmentStart":-275,"segmentEnd":476,"spanStart":-275,"spanEnd":476}},
{"type":"Feature","geometry":{"type":"Polygon","coordinates":[[[15.546,38.301],[15.52,38.297],[15.449,38.251],[15.358,38.219],[15.287,38.206],[15.244,38.215],[15.175,38.154],[15.093,38.12],[15.06,38.129],[15.046,38.152],[15.006,38.149],[14.968,38.154],[14.942,38.18],[14.915,38.192],[14.893,38.174],[14.786,38.151],[14.743,38.162],[14.684,38.104],[14.632,38.071],[14.589,38.06],[14.557,38.061],[14.526,38.042],[14.474,38.033],[14.443,38.039],[14.374,38.016],[14.338,38.018],[14.313,38.008],[14.271,38.013],[14.227,38.01],[14.144,38.024],[14.107,38.015],[14.063,38.019],[14.022,38.042],[14.013,38.034],[13.946,38.028],[13.896,38.004],[13.835,37.983],[13.743,37.97],[13.71,37.978],[13.704,37.99],[13.653,37.998],[13.566,38.039],[13.541,38.058],[13.541,38.09],[13.53,38.111],[13.442,38.095],[13.381,38.111],[13.363,38.134],[13.375,38.152],[13.359,38.192],[13.33,38.199],[13.318,38.224],[13.274,38.198],[13.243,38.2],[13.236,38.185],[13.191,38.169],[13.162,38.172],[13.106,38.191],[13.083,38.173],[13.083,38.157],[13.053,38.138],[13.068,38.121],[13.078,38.088],[13.031,38.062],[12.966,38.036],[12.894,38.024],[12.879,38.029],[12.827,38.066],[12.79,38.11],[12.791,38.135],[12.767,38.157],[12.766,38.18],[12.717,38.171],[12.738,38.139],[12.709,38.109],[12.662,38.112],[12.661,38.092],[12.644,38.078],[12.602,38.065],[12.577,38.07],[12.52,38.022],[12.494,37.985],[12.5,37.962],[12.459,37.909],[12.484,37.874],[12.461,37.816],[12.427,37.801],[12.443,37.788],[12.47,37.747],[12.471,37.704],[12.499,37.676],[12.536,37.658],[12.554,37.663],[12.612,37.638],[12.633,37.598],[12.662,37.566],[12.684,37.56],[12.764,37.579],[12.863,37.582],[12.916,37.577],[12.956,37.567],[12.988,37.542],[13.017,37.497],[13.079,37.505],[13.131,37.493],[13.169,37.492],[13.197,37.465],[13.218,37.459],[13.254,37.424],[13.272,37.39],[13.292,37.39],[13.322,37.363],[13.352,37.358],[13.401,37.334],[13.449,37.293],[13.479,37.288],[13.51,37.291],[13.552,37.287],[13.578,37.262],[13.639,37.23],[13.662,37.196],[13.75,37.15],[13.824,37.144],[13.859,37.113],[13.888,37.099],[13.934,37.095],[13.975,37.109],[14.035,37.107],[14.067,37.111],[14.171,37.091],[14.257,37.058],[14.297,37.036],[14.343,36.998],[14.384,36.955],[14.445,36.869],[14.465,36.816],[14.494,36.787],[14.555,36.783],[14.638,36.761],[14.671,36.742],[14.685,36.725],[14.751,36.719],[14.783,36.706],[14.865,36.731],[14.911,36.724],[14.957,36.694],[15.007,36.704],[15.042,36.689],[15.056,36.663],[15.082,36.649],[15.138,36.686],[15.121,36.711],[15.121,36.73],[15.095,36.777],[15.106,36.806],[15.113,36.852],[15.136,36.866],[15.157,36.919],[15.187,36.946],[15.236,36.973],[15.258,36.973],[15.265,36.997],[15.303,37.015],[15.315,37.037],[15.276,37.039],[15.271,37.058],[15.301,37.08],[15.297,37.105],[15.264,37.106],[15.221,37.128],[15.199,37.164],[15.201,37.179],[15.182,37.209],[15.213,37.246],[15.245,37.233],[15.241,37.26],[15.217,37.278],[15.163,37.289],[15.138,37.308],[15.103,37.312],[15.092,37.356],[15.092,37.407],[15.085,37.476],[15.116,37.529],[15.143,37.543],[15.177,37.576],[15.174,37.632],[15.2,37.656],[15.203,37.685],[15.218,37.708],[15.207,37.731],[15.212,37.754],[15.245,37.797],[15.277,37.823],[15.273,37.835],[15.304,37.875],[15.406,37.985],[15.474,38.051],[15.494,38.075],[15.522,38.129],[15.55,38.169],[15.572,38.233],[15.584,38.247],[15.641,38.263],[15.577,38.284],[15.546,38.301]]]},"properties":{"slug":"sicilia","name":"Sicilia","tier":"province","kind":"province","source":"pazout","spanSource":"ohm","basisYear":117,"segmentStart":-241,"segmentEnd":476,"spanStart":-241,"spanEnd":476}},
{"type":"Feature","geometry":{"type":"Polygon","coordinates":[[[-2.579,36.801],[-2.562,36.816],[-2.503,36.825],[-2.474,36.837],[-2.433,36.814],[-2.372,36.84],[-2.318,36.833],[-2.293,36.821],[-2.252,36.786],[-2.193,36.723],[-2.121,36.733],[-2.105,36.763],[-2.063,36.776],[-2.062,36.807],[-2.021,36.836],[-2.003,36.836],[-2.004,36.881],[-1.983,36.902],[-1.967,36.9],[-1.946,36.933],[-1.907,36.936],[-1.898,36.951],[-1.901,36.987],[-1.878,37.015],[-1.85,37.069],[-1.85,37.092],[-1.833,37.119],[-1.824,37.17],[-1.801,37.225],[-1.706,37.306],[-1.689,37.34],[-1.67,37.357],[-1.589,37.403],[-1.548,37.412],[-1.519,37.432],[-1.49,37.422],[-1.465,37.481],[-1.441,37.499],[-1.403,37.507],[-1.391,37.525],[-1.355,37.55],[-1.328,37.562],[-1.267,37.561],[-1.246,37.576],[-1.18,37.566],[-1.164,37.542],[-1.124,37.539],[-1.126,37.554],[-1.074,37.584],[-1.012,37.575],[-0.986,37.587],[-0.92,37.554],[-0.868,37.579],[-0.822,37.575],[-0.783,37.595],[-0.721,37.606],[-0.703,37.636],[-0.741,37.632],[-0.801,37.657],[-0.823,37.673],[-0.86,37.72],[-0.84,37.753],[-0.8,37.782],[-0.797,37.81],[-0.758,37.815],[-0.762,37.863],[-0.751,37.897],[-0.705,37.941],[-0.69,37.975],[-0.664,37.978],[-0.652,38.009],[-0.644,38.104],[-0.631,38.149],[-0.598,38.186],[-0.533,38.188],[-0.514,38.197],[-0.52,38.295],[-0.511,38.326],[-0.446,38.363],[-0.411,38.352],[-0.401,38.41],[-0.375,38.443],[-0.318,38.474],[-0.224,38.508],[-0.171,38.517],[-0.154,38.534],[-0.093,38.527],[-0.049,38.564],[-0.059,38.587],[-0.032,38.615],[-0.006,38.63],[0.071,38.639],[0.101,38.674],[0.129,38.686],[0.155,38.687],[0.167,38.71],[0.207,38.733],[0.23,38.734],[0.222,38.759],[0.184,38.785],[0.185,38.798],[0.154,38.828],[0.125,38.833],[0.091,38.855],[0.034,38.86],[-0.012,38.871],[-0.063,38.905],[-0.143,38.979],[-0.183,39.033],[-0.214,39.087],[-0.235,39.132],[-0.241,39.165],[-0.218,39.181],[-0.293,39.31],[-0.315,39.357],[-0.334,39.417],[-0.315,39.43],[-0.323,39.503],[-0.308,39.536],[-0.281,39.566],[-0.266,39.605],[-0.237,39.636],[-0.224,39.64],[-0.202,39.676],[-0.19,39.719],[-0.089,39.854],[-0.06,39.871],[-0.006,39.915],[0.005,39.95],[0.025,39.978],[0.035,40.011],[0.053,40.038],[0.085,40.057],[0.121,40.062],[0.146,40.088],[0.166,40.133],[0.201,40.181],[0.264,40.208],[0.279,40.245],[0.33,40.28],[0.366,40.326],[0.404,40.365],[0.418,40.401],[0.485,40.477],[0.514,40.519],[0.538,40.568],[0.595,40.617],[0.644,40.624],[0.7,40.638],[0.744,40.636],[0.704,40.59],[0.672,40.593],[0.6,40.576],[0.621,40.551],[0.676,40.563],[0.705,40.584],[0.76,40.642],[0.825,40.669],[0.866,40.694],[0.876,40.721],[0.822,40.739],[0.783,40.773],[0.771,40.763],[0.729,40.77],[0.7,40.801],[0.732,40.819],[0.752,40.846],[0.791,40.866],[0.802,40.882],[0.858,40.936],[0.862,40.947],[0.967,41.029],[1.046,41.063],[1.085,41.064],[1.12,41.074],[1.144,41.072],[1.17,41.055],[1.199,41.094],[1.246,41.1],[1.297,41.127],[1.343,41.125],[1.409,41.141],[1.465,41.165],[1.54,41.182],[1.608,41.188],[1.677,41.199],[1.728,41.215],[1.788,41.225],[1.807,41.234],[1.854,41.234],[1.928,41.261],[2,41.264],[2.048,41.27],[2.143,41.299],[2.155,41.315],[2.178,41.374],[2.225,41.406],[2.257,41.452],[2.299,41.473],[2.376,41.494],[2.47,41.546],[2.55,41.577],[2.719,41.629],[2.777,41.65],[2.792,41.672],[2.82,41.689],[2.89,41.703],[2.935,41.721],[2.983,41.76],[3.043,41.779],[3.074,41.822],[3.105,41.846],[3.132,41.846],[3.172,41.864],[3.184,41.888],[3.203,41.892],[3.217,41.919],[3.23,41.97],[3.202,41.991],[3.194,42.029],[3.211,42.054],[3.184,42.103],[3.12,42.137],[3.112,42.204],[3.125,42.236],[3.165,42.265],[3.182,42.245],[3.215,42.235],[3.255,42.253],[3.279,42.253],[3.277,42.28],[3.295,42.305],[3.322,42.319],[3.278,42.337],[3.247,42.332],[3.229,42.352],[3.201,42.343],[3.164,42.36],[3.155,42.378],[3.175,42.435],[3.16,42.453],[3.031,42.485],[2.823,42.447],[2.679,42.417],[2.56,42.41],[2.424,42.438],[2.321,42.487],[2.213,42.517],[2.111,42.521],[2.063,42.512],[1.927,42.551],[1.752,42.617],[1.651,42.661],[1.516,42.682],[1.378,42.68],[1.253,42.67],[1.074,42.632],[1.003,42.625],[0.958,42.585],[0.836,42.547],[0.717,42.572],[0.65,42.643],[0.607,42.717],[0.534,42.742],[0.391,42.75],[0.252,42.74],[0.136,42.703],[-0.021,42.667],[-0.171,42.687],[-0.297,42.709],[-0.404,42.756],[-0.488,42.807],[-0.594,42.884],[-0.692,42.979],[-0.766,43.047],[-0.827,43.091],[-0.951,43.109],[-1.073,43.112],[-1.189,43.137],[-1.285,43.184],[-1.353,43.239],[-1.432,43.257],[-1.513,43.269],[-1.61,43.305],[-1.722,43.341],[-1.743,43.38],[-1.791,43.366],[-1.793,43.394],[-1.871,43.369],[-1.883,43.35],[-1.917,43.337],[-1.962,43.338],[-1.99,43.316],[-2.03,43.321],[-2.134,43.291],[-2.178,43.288],[-2.216,43.309],[-2.285,43.295],[-2.358,43.304],[-2.422,43.33],[-2.464,43.339],[-2.509,43.377],[-2.544,43.373],[-2.563,43.39],[-2.619,43.392],[-2.638,43.404],[-2.736,43.428],[-2.747,43.452],[-2.784,43.445],[-2.8,43.433],[-2.866,43.43],[-2.915,43.439],[-2.954,43.427],[-3.006,43.382],[-3.037,43.373],[-3.011,43.336],[-3.046,43.343],[-3.104,43.365],[-3.112,43.351],[-3.163,43.352],[-3.222,43.394],[-3.281,43.403],[-3.328,43.415],[-3.389,43.417],[-3.429,43.413],[-3.445,43.425],[-3.426,43.445],[-3.431,43.462],[-3.494,43.471],[-3.519,43.495],[-3.546,43.508],[-3.597,43.513],[-3.611,43.501],[-3.643,43.499],[-3.692,43.475],[-3.723,43.473],[-3.781,43.433],[-3.819,43.432],[-3.814,43.45],[-3.775,43.469],[-3.786,43.491],[-3.811,43.494],[-3.862,43.476],[-3.916,43.475],[-3.945,43.469],[-3.981,43.441],[-4.015,43.448],[-4.044,43.436],[-4.094,43.427],[-4.175,43.401],[-4.233,43.4],[-4.284,43.388],[-4.326,43.391],[-4.354,43.404],[-4.375,43.392],[-4.415,43.398],[-4.473,43.39],[-4.545,43.4],[-4.567,43.392],[-4.656,43.401],[-4.744,43.417],[-4.77,43.43],[-4.873,43.441],[-4.916,43.457],[-4.975,43.462],[-5.014,43.459],[-5.115,43.476],[-5.125,43.485],[-5.178,43.475],[-5.216,43.474],[-5.271,43.508],[-5.267,43.519],[-5.308,43.532],[-5.386,43.534],[-5.397,43.55],[-5.472,43.551],[-5.492,43.545],[-5.59,43.547],[-5.639,43.552],[-5.648,43.542],[-5.695,43.546],[-5.701,43.563],[-5.756,43.582],[-5.797,43.635],[-5.843,43.657],[-5.878,43.625],[-5.912,43.625],[-5.913,43.608],[-5.964,43.577],[-6.034,43.583],[-6.064,43.565],[-6.116,43.555],[-6.136,43.564],[-6.178,43.568],[-6.242,43.59],[-6.256,43.578],[-6.355,43.551],[-6.398,43.559],[-6.432,43.553],[-6.47,43.57],[-6.476,43.55],[-6.535,43.547],[-6.579,43.557],[-6.597,43.553],[-6.622,43.57],[-6.724,43.555],[-6.745,43.565],[-6.809,43.555],[-6.831,43.566],[-6.943,43.572],[-6.995,43.553],[-7.089,43.555],[-7.116,43.562],[-7.156,43.554],[-7.224,43.565],[-7.284,43.591],[-7.338,43.632],[-7.357,43.671],[-7.41,43.69],[-7.478,43.706],[-7.524,43.737],[-7.551,43.73],[-7.578,43.692],[-7.612,43.673],[-7.615,43.706],[-7.63,43.743],[-7.668,43.748],[-7.716,43.764],[-7.723,43.75],[-7.78,43.733],[-7.808,43.716],[-7.868,43.699],[-7.843,43.673],[-7.884,43.663],[-7.899,43.671],[-7.856,43.724],[-7.872,43.737],[-7.859,43.763],[-7.904,43.769],[-7.931,43.74],[-8,43.705],[-8.039,43.714],[-8.063,43.704],[-8.075,43.673],[-8.11,43.642],[-8.141,43.633],[-8.15,43.617],[-8.181,43.614],[-8.216,43.593],[-8.217,43.581],[-8.262,43.557],[-8.323,43.555],[-8.296,43.537],[-8.322,43.525],[-8.319,43.501],[-8.343,43.472],[-8.288,43.462],[-8.232,43.481],[-8.201,43.477],[-8.192,43.464],[-8.278,43.459],[-8.283,43.438],[-8.26,43.423],[-8.225,43.429],[-8.207,43.409],[-8.22,43.388],[-8.203,43.327],[-8.253,43.354],[-8.265,43.383],[-8.297,43.385],[-8.305,43.405],[-8.35,43.395],[-8.338,43.379],[-8.349,43.347],[-8.387,43.337],[-8.387,43.37],[-8.412,43.383],[-8.44,43.382],[-8.475,43.353],[-8.497,43.356],[-8.51,43.327],[-8.555,43.311],[-8.591,43.322],[-8.709,43.29],[-8.772,43.299],[-8.828,43.332],[-8.85,43.32],[-8.912,43.321],[-8.908,43.296],[-8.956,43.293],[-8.991,43.275],[-8.956,43.265],[-8.945,43.227],[-9.011,43.225],[-9.032,43.216],[-9.038,43.197],[-9.082,43.182],[-9.115,43.194],[-9.178,43.184],[-9.18,43.167],[-9.215,43.151],[-9.167,43.105],[-9.219,43.104],[-9.249,43.074],[-9.263,43.049],[-9.289,43.044],[-9.282,43.019],[-9.258,43.001],[-9.268,42.963],[-9.296,42.923],[-9.232,42.929],[-9.126,42.906],[-9.149,42.871],[-9.136,42.849],[-9.107,42.841],[-9.113,42.81],[-9.147,42.799],[-9.123,42.77],[-9.09,42.745],[-9.054,42.768],[-9.042,42.787],[-8.988,42.778],[-8.923,42.787],[-8.957,42.746],[-8.992,42.74],[-9.01,42.712],[-9.031,42.697],[-9.042,42.669],[-9.041,42.637],[-9.074,42.599],[-9.03,42.551],[-9.043,42.52],[-9.024,42.517],[-8.989,42.536],[-8.99,42.564],[-8.957,42.583],[-8.93,42.587],[-8.937,42.607],[-8.895,42.641],[-8.886,42.616],[-8.862,42.606],[-8.86,42.643],[-8.841,42.667],[-8.804,42.637],[-8.755,42.648],[-8.778,42.614],[-8.768,42.607],[-8.837,42.554],[-8.816,42.506],[-8.831,42.485],[-8.819,42.454],[-8.848,42.457],[-8.863,42.498],[-8.89,42.496],[-8.909,42.475],[-8.884,42.456],[-8.866,42.413],[-8.841,42.39],[-8.802,42.401],[-8.762,42.395],[-8.688,42.438],[-8.682,42.421],[-8.697,42.394],[-8.739,42.374],[-8.755,42.34],[-8.838,42.339],[-8.817,42.309],[-8.831,42.283],[-8.858,42.299],[-8.856,42.261],[-8.789,42.249],[-8.74,42.271],[-8.685,42.283],[-8.652,42.298],[-8.656,42.32],[-8.644,42.339],[-8.613,42.346],[-8.629,42.285],[-8.647,42.29],[-8.677,42.264],[-8.703,42.26],[-8.711,42.242],[-8.751,42.235],[-8.776,42.221],[-8.78,42.204],[-8.813,42.19],[-8.826,42.147],[-8.814,42.116],[-8.852,42.123],[-8.9,42.112],[-8.897,42.067],[-8.883,42.041],[-8.888,41.937],[-8.875,41.9],[-8.882,41.881],[-8.867,41.856],[-8.876,41.84],[-8.865,41.812],[-8.875,41.796],[-8.878,41.742],[-8.857,41.701],[-8.829,41.676],[-8.827,41.65],[-8.808,41.604],[-8.787,41.514],[-8.791,41.501],[-8.776,41.466],[-8.788,41.414],[-8.764,41.376],[-8.724,41.256],[-8.717,41.205],[-8.675,41.145],[-8.619,41.156],[-8.527,41.13],[-8.429,41.081],[-8.311,41.05],[-8.234,41.083],[-8.125,41.091],[-7.744,41.193],[-7.668,41.18],[-7.503,41.227],[-7.388,41.185],[-7.283,41.193],[-7.208,41.159],[-7.092,41.163],[-7.026,41.074],[-6.919,41.056],[-6.758,41.097],[-6.735,41.178],[-6.671,41.205],[-6.632,41.242],[-6.452,41.295],[-6.405,41.352],[-6.325,41.402],[-6.221,41.526],[-6.147,41.565],[-6.046,41.509],[-5.945,41.466],[-5.818,41.395],[-5.57,41.232],[-5.383,41.086],[-4.995,40.752],[-4.724,40.517],[-4.623,40.486],[-4.466,40.459],[-4.37,40.435],[-4.307,40.388],[-4.292,40.284],[-4.392,40.145],[-4.689,39.9],[-4.726,39.785],[-4.76,39.648],[-4.834,39.533],[-4.932,39.412],[-5.044,39.375],[-5.096,39.301],[-5.185,39.248],[-5.273,39.159],[-5.374,39.074],[-5.434,38.978],[-5.535,38.901],[-5.435,38.853],[-5.225,38.807],[-5.015,38.746],[-4.794,38.654],[-4.506,38.527],[-4.31,38.442],[-4.105,38.371],[-3.944,38.324],[-3.81,38.225],[-3.667,38.04],[-3.546,37.846],[-3.509,37.633],[-3.479,37.418],[-3.418,37.25],[-3.302,37.103],[-3.141,37.036],[-2.799,36.964],[-2.579,36.801]]]},"properties":{"slug":"hispania-citerior","name":"Hispania Citerior","tier":"province","kind":"province","source":"pazout","spanSource":"ohm","basisYear":117,"segmentStart":-197,"segmentEnd":-27,"spanStart":-197,"spanEnd":-27}},
{"type":"Feature","geometry":{"type":"MultiPolygon","coordinates":[[[[10.887,33.631],[10.89,33.663],[10.943,33.699],[10.95,33.72],[10.967,33.728],[10.987,33.714],[10.996,33.751],[11.06,33.783],[11.056,33.825],[11.022,33.831],[10.956,33.876],[10.911,33.873],[10.874,33.878],[10.805,33.9],[10.744,33.888],[10.751,33.863],[10.749,33.799],[10.73,33.768],[10.737,33.729],[10.762,33.7],[10.787,33.705],[10.79,33.721],[10.816,33.737],[10.841,33.727],[10.88,33.682],[10.872,33.647],[10.887,33.631]]],[[[18.293,30.698],[18.228,30.751],[18.221,30.766],[18.176,30.789],[18.109,30.8],[18.018,30.828],[17.916,30.854],[17.887,30.873],[17.881,30.896],[17.852,30.925],[17.749,30.938],[17.684,30.953],[17.606,30.985],[17.51,31.009],[17.468,31.024],[17.438,31.048],[17.397,31.065],[17.393,31.076],[17.305,31.083],[17.29,31.093],[17.17,31.12],[17.006,31.163],[16.886,31.18],[16.811,31.196],[16.765,31.211],[16.699,31.219],[16.601,31.211],[16.415,31.216],[16.229,31.234],[16.123,31.252],[16.107,31.259],[16.029,31.275],[15.973,31.294],[15.883,31.334],[15.814,31.36],[15.742,31.397],[15.653,31.455],[15.609,31.502],[15.57,31.559],[15.531,31.6],[15.48,31.685],[15.456,31.742],[15.401,31.846],[15.384,31.886],[15.352,31.998],[15.357,32.012],[15.348,32.076],[15.355,32.092],[15.36,32.153],[15.35,32.176],[15.317,32.213],[15.298,32.269],[15.267,32.321],[15.222,32.356],[15.212,32.376],[15.097,32.411],[15.036,32.411],[14.963,32.42],[14.955,32.427],[14.896,32.44],[14.841,32.437],[14.758,32.438],[14.688,32.46],[14.646,32.485],[14.605,32.497],[14.559,32.498],[14.495,32.508],[14.45,32.527],[14.434,32.553],[14.381,32.578],[14.35,32.599],[14.33,32.628],[14.28,32.645],[14.238,32.682],[14.17,32.712],[14.102,32.716],[14.013,32.73],[13.954,32.761],[13.942,32.773],[13.883,32.785],[13.857,32.783],[13.81,32.794],[13.804,32.802],[13.744,32.792],[13.649,32.789],[13.582,32.797],[13.535,32.82],[13.443,32.856],[13.411,32.872],[13.389,32.897],[13.319,32.898],[13.289,32.91],[13.236,32.911],[13.16,32.886],[13.114,32.875],[12.994,32.833],[12.919,32.814],[12.853,32.803],[12.745,32.793],[12.6,32.794],[12.559,32.796],[12.464,32.813],[12.393,32.816],[12.337,32.826],[12.26,32.85],[12.231,32.867],[12.203,32.874],[12.192,32.888],[12.15,32.902],[12.116,32.926],[12.066,32.948],[12.025,32.978],[11.973,33.005],[11.908,33.046],[11.867,33.064],[11.811,33.08],[11.809,33.071],[11.731,33.08],[11.65,33.095],[11.609,33.125],[11.569,33.163],[11.524,33.169],[11.441,33.202],[11.43,33.178],[11.394,33.187],[11.37,33.18],[11.262,33.206],[11.215,33.208],[11.192,33.202],[11.169,33.218],[11.154,33.258],[11.114,33.293],[11.127,33.312],[11.175,33.329],[11.174,33.341],[11.135,33.37],[11.138,33.387],[11.093,33.431],[11.104,33.468],[11.121,33.482],[11.115,33.535],[11.105,33.561],[11.048,33.625],[10.996,33.631],[10.975,33.622],[10.949,33.629],[10.913,33.613],[10.948,33.563],[10.924,33.529],[10.806,33.494],[10.782,33.474],[10.749,33.472],[10.725,33.49],[10.694,33.496],[10.703,33.516],[10.681,33.538],[10.688,33.558],[10.721,33.576],[10.735,33.603],[10.731,33.647],[10.745,33.677],[10.733,33.701],[10.694,33.703],[10.643,33.674],[10.549,33.649],[10.521,33.648],[10.482,33.631],[10.447,33.659],[10.399,33.672],[10.333,33.708],[10.269,33.766],[10.182,33.825],[10.137,33.866],[10.086,33.931],[10.045,34.012],[10.019,34.114],[10.024,34.16],[10.043,34.204],[10.065,34.232],[10.079,34.265],[10.122,34.317],[10.177,34.333],[10.192,34.365],[10.21,34.348],[10.232,34.365],[10.271,34.375],[10.282,34.411],[10.32,34.397],[10.33,34.419],[10.359,34.421],[10.398,34.447],[10.441,34.495],[10.469,34.512],[10.506,34.524],[10.573,34.529],[10.599,34.551],[10.604,34.586],[10.619,34.595],[10.644,34.631],[10.664,34.627],[10.715,34.64],[10.749,34.685],[10.754,34.717],[10.781,34.722],[10.783,34.748],[10.809,34.761],[10.825,34.784],[10.872,34.804],[10.865,34.815],[10.887,34.851],[10.92,34.884],[10.921,34.945],[10.926,34.966],[10.958,34.993],[11.006,35.014],[11.023,35.044],[11.026,35.117],[11.055,35.157],[11.078,35.16],[11.118,35.223],[11.15,35.224],[11.157,35.235],[11.103,35.265],[11.054,35.309],[11.037,35.336],[11.034,35.384],[11.049,35.394],[11.04,35.419],[11.052,35.473],[11.064,35.5],[11.036,35.532],[11.031,35.574],[11.049,35.624],[11.002,35.637],[10.981,35.654],[10.9,35.671],[10.829,35.701],[10.82,35.731],[10.844,35.768],[10.806,35.785],[10.76,35.768],[10.719,35.769],[10.652,35.809],[10.642,35.833],[10.606,35.873],[10.601,35.891],[10.545,35.955],[10.529,35.982],[10.517,36.028],[10.5,36.035],[10.481,36.06],[10.469,36.115],[10.468,36.18],[10.481,36.245],[10.509,36.317],[10.541,36.369],[10.568,36.394],[10.6,36.403],[10.616,36.392],[10.657,36.406],[10.671,36.418],[10.72,36.439],[10.807,36.456],[10.83,36.494],[10.851,36.541],[10.876,36.586],[10.94,36.683],[11.023,36.787],[11.055,36.813],[11.098,36.836],[11.117,36.833],[11.136,36.873],[11.106,36.905],[11.092,36.968],[11.068,36.994],[11.058,37.032],[11.073,37.052],[11.039,37.079],[11.005,37.062],[10.933,37.051],[10.91,37.04],[10.915,37.019],[10.88,36.983],[10.79,36.932],[10.72,36.88],[10.673,36.878],[10.661,36.884],[10.587,36.864],[10.569,36.839],[10.562,36.798],[10.535,36.756],[10.482,36.741],[10.459,36.727],[10.407,36.715],[10.352,36.727],[10.312,36.751],[10.286,36.788],[10.233,36.784],[10.209,36.791],[10.218,36.823],[10.247,36.834],[10.31,36.838],[10.35,36.866],[10.323,36.893],[10.317,36.918],[10.27,36.933],[10.23,36.958],[10.202,36.987],[10.181,37.036],[10.181,37.077],[10.215,37.112],[10.189,37.112],[10.18,37.126],[10.145,37.129],[10.138,37.144],[10.162,37.168],[10.222,37.168],[10.243,37.159],[10.269,37.182],[10.232,37.184],[10.122,37.238],[10.084,37.243],[10.064,37.268],[10.019,37.252],[9.985,37.247],[9.911,37.257],[9.882,37.27],[9.84,37.24],[9.894,37.225],[9.926,37.226],[9.938,37.212],[9.913,37.157],[9.864,37.135],[9.815,37.141],[9.81,37.162],[9.782,37.181],[9.787,37.202],[9.81,37.243],[9.854,37.255],[9.88,37.273],[9.866,37.332],[9.823,37.336],[9.802,37.328],[9.761,37.336],[9.746,37.347],[9.704,37.334],[9.67,37.34],[9.588,37.296],[9.564,37.304],[9.46,37.263],[9.387,37.255],[9.383,37.244],[9.329,37.231],[9.302,37.231],[9.259,37.217],[9.192,37.226],[9.154,37.184],[9.112,37.162],[9.048,37.148],[9.025,37.136],[8.98,37.093],[9.001,37.048],[9.133,36.688],[9.139,36.443],[9.109,36.236],[9.046,36.022],[8.933,35.852],[8.788,35.674],[8.638,35.514],[8.489,35.382],[8.354,35.215],[8.286,35.027],[8.248,34.818],[8.234,34.549],[8.272,34.322],[8.4,34.128],[8.507,34.023],[8.584,33.872],[8.739,33.412],[8.826,33.011],[8.855,32.667],[9.97,32.305],[11.545,31.26],[13.469,30.17],[16.032,28.73],[18.317,27.701],[18.293,30.687],[18.293,30.696],[18.293,30.698]]]]},"properties":{"slug":"africa-proconsularis","name":"Africa Proconsularis","tier":"province","kind":"province","source":"pazout","spanSource":"ohm","basisYear":117,"segmentStart":-146,"segmentEnd":698,"spanStart":-146,"spanEnd":698}},
{"type":"Feature","geometry":{"type":"Polygon","coordinates":[[[6.7,46.362],[6.578,46.359],[6.508,46.338],[6.353,46.317],[6.286,46.262],[6.183,46.222],[6.096,46.237],[6.025,46.22],[5.977,46.143],[5.909,46.122],[5.855,46.086],[5.842,46.006],[5.841,45.943],[5.825,45.884],[5.827,45.826],[5.824,45.766],[5.782,45.747],[5.749,45.721],[5.713,45.676],[5.66,45.641],[5.592,45.647],[5.534,45.751],[5.47,45.776],[5.43,45.802],[5.422,45.846],[5.38,45.876],[5.321,45.839],[5.238,45.823],[5.18,45.822],[5.128,45.81],[5.067,45.776],[4.99,45.748],[4.899,45.734],[4.805,45.729],[4.75,45.697],[4.687,45.654],[4.537,45.606],[4.502,45.593],[4.517,45.551],[4.515,45.503],[4.441,45.384],[4.357,45.272],[4.311,45.126],[4.296,44.975],[4.265,44.826],[4.194,44.693],[4.077,44.557],[3.984,44.48],[3.836,44.392],[3.707,44.348],[3.543,44.318],[3.382,44.307],[3.207,44.322],[3.091,44.328],[2.953,44.323],[2.754,44.296],[2.551,44.263],[2.367,44.234],[2.175,44.193],[1.983,44.142],[1.79,44.081],[1.572,44.017],[1.397,43.96],[1.168,43.882],[0.972,43.803],[0.821,43.718],[0.731,43.632],[0.671,43.541],[0.651,43.438],[0.67,43.337],[0.711,43.233],[0.782,43.144],[0.882,43.039],[0.965,42.964],[1.036,42.874],[1.051,42.778],[1.024,42.687],[1.023,42.643],[1.003,42.625],[1.074,42.632],[1.253,42.67],[1.378,42.68],[1.516,42.682],[1.651,42.661],[1.752,42.617],[1.927,42.551],[2.063,42.512],[2.111,42.521],[2.213,42.517],[2.321,42.487],[2.424,42.438],[2.56,42.41],[2.679,42.417],[2.823,42.447],[3.031,42.485],[3.16,42.453],[3.162,42.465],[3.128,42.487],[3.138,42.516],[3.057,42.537],[3.046,42.572],[3.035,42.666],[3.04,42.723],[3.039,42.801],[3.051,42.886],[3.061,42.917],[3.039,42.941],[3.064,43.019],[3.119,43.104],[3.176,43.165],[3.269,43.233],[3.353,43.273],[3.39,43.286],[3.433,43.29],[3.468,43.276],[3.509,43.272],[3.602,43.355],[3.661,43.392],[3.692,43.392],[3.73,43.419],[3.797,43.441],[3.846,43.483],[3.908,43.518],[4.008,43.552],[4.058,43.558],[4.1,43.555],[4.138,43.532],[4.119,43.494],[4.189,43.467],[4.236,43.461],[4.381,43.453],[4.422,43.448],[4.45,43.458],[4.504,43.456],[4.564,43.442],[4.586,43.425],[4.587,43.4],[4.555,43.389],[4.557,43.377],[4.599,43.357],[4.68,43.346],[4.721,43.351],[4.797,43.344],[4.835,43.328],[4.862,43.338],[4.883,43.361],[4.858,43.367],[4.838,43.395],[4.933,43.433],[4.966,43.427],[4.977,43.405],[5.04,43.329],[5.229,43.329],[5.296,43.36],[5.341,43.345],[5.365,43.312],[5.347,43.281],[5.376,43.258],[5.345,43.223],[5.37,43.208],[5.402,43.214],[5.444,43.204],[5.459,43.212],[5.504,43.198],[5.533,43.214],[5.573,43.173],[5.608,43.161],[5.621,43.186],[5.651,43.189],[5.674,43.178],[5.695,43.144],[5.748,43.133],[5.767,43.139],[5.813,43.108],[5.797,43.07],[5.83,43.049],[5.86,43.048],[5.895,43.082],[5.92,43.12],[5.936,43.107],[6.006,43.104],[6.032,43.078],[6.074,43.084],[6.126,43.078],[6.133,43.054],[6.183,43.108],[6.202,43.116],[6.24,43.114],[6.276,43.121],[6.317,43.106],[6.327,43.093],[6.359,43.108],[6.37,43.137],[6.404,43.15],[6.442,43.144],[6.466,43.157],[6.51,43.156],[6.549,43.186],[6.602,43.182],[6.622,43.165],[6.67,43.206],[6.664,43.24],[6.69,43.252],[6.646,43.274],[6.591,43.264],[6.584,43.277],[6.666,43.319],[6.681,43.341],[6.714,43.346],[6.713,43.366],[6.734,43.406],[6.765,43.424],[6.789,43.408],[6.829,43.418],[6.861,43.417],[6.894,43.43],[6.92,43.45],[6.931,43.484],[6.954,43.506],[6.937,43.514],[6.953,43.536],[6.976,43.547],[7.055,43.547],[7.095,43.571],[7.122,43.56],[7.13,43.618],[7.158,43.654],[7.181,43.656],[7.122,43.665],[7.017,43.653],[6.866,43.629],[6.674,43.621],[6.531,43.654],[6.42,43.708],[6.407,43.81],[6.482,43.946],[6.569,44.073],[6.634,44.174],[6.553,44.351],[6.505,44.454],[6.445,44.601],[6.382,44.698],[6.324,44.765],[6.253,44.778],[6.165,44.807],[6.097,44.865],[6.054,44.954],[6.057,45.125],[6.111,45.223],[6.194,45.31],[6.317,45.399],[6.447,45.497],[6.538,45.569],[6.583,45.604],[6.689,45.678],[6.782,45.759],[6.851,45.839],[6.888,45.939],[6.884,46.016],[6.833,46.125],[6.779,46.194],[6.731,46.275],[6.7,46.362]]]},"properties":{"slug":"narbonensis","name":"Narbonensis","tier":"province","kind":"province","source":"pazout","spanSource":"ohm","basisYear":117,"segmentStart":-121,"segmentEnd":476,"spanStart":-121,"spanEnd":476}},
{"type":"Feature","geometry":{"type":"Polygon","coordinates":[[[23.74,35.693],[23.709,35.659],[23.709,35.608],[23.729,35.547],[23.718,35.507],[23.655,35.498],[23.611,35.521],[23.612,35.564],[23.602,35.592],[23.583,35.576],[23.567,35.525],[23.58,35.496],[23.557,35.47],[23.568,35.425],[23.546,35.412],[23.55,35.395],[23.53,35.362],[23.531,35.34],[23.547,35.321],[23.522,35.311],[23.523,35.288],[23.548,35.268],[23.579,35.261],[23.588,35.232],[23.664,35.239],[23.758,35.238],[23.784,35.232],[23.806,35.247],[23.884,35.239],[23.923,35.221],[23.98,35.231],[23.999,35.224],[24.022,35.198],[24.051,35.194],[24.134,35.202],[24.153,35.192],[24.201,35.2],[24.228,35.184],[24.284,35.175],[24.324,35.189],[24.352,35.182],[24.381,35.195],[24.42,35.165],[24.457,35.149],[24.477,35.153],[24.529,35.138],[24.561,35.102],[24.64,35.095],[24.691,35.098],[24.739,35.083],[24.753,35.053],[24.759,35.007],[24.744,34.989],[24.75,34.953],[24.731,34.922],[24.802,34.926],[24.838,34.941],[24.905,34.932],[24.983,34.934],[25.017,34.929],[25.044,34.943],[25.103,34.935],[25.117,34.947],[25.162,34.956],[25.191,34.946],[25.247,34.96],[25.28,34.984],[25.329,34.982],[25.38,34.999],[25.417,34.987],[25.456,34.991],[25.502,34.982],[25.547,34.989],[25.593,35.007],[25.663,35.005],[25.674,35.012],[25.744,35.01],[25.795,34.998],[25.898,35.028],[25.982,35.039],[26.028,35.014],[26.064,35.022],[26.087,35.019],[26.112,34.996],[26.137,35],[26.161,35.015],[26.187,35.014],[26.231,35.037],[26.245,35.062],[26.272,35.088],[26.285,35.137],[26.28,35.167],[26.311,35.175],[26.278,35.196],[26.278,35.223],[26.264,35.267],[26.287,35.275],[26.308,35.294],[26.286,35.31],[26.263,35.281],[26.223,35.263],[26.226,35.252],[26.169,35.201],[26.135,35.196],[26.11,35.204],[26.117,35.224],[26.08,35.219],[26.059,35.23],[26.026,35.23],[25.997,35.199],[25.954,35.184],[25.891,35.18],[25.877,35.159],[25.848,35.157],[25.842,35.138],[25.813,35.11],[25.788,35.114],[25.759,35.13],[25.725,35.132],[25.729,35.149],[25.711,35.166],[25.731,35.224],[25.734,35.257],[25.722,35.262],[25.727,35.303],[25.765,35.322],[25.769,35.34],[25.689,35.336],[25.666,35.347],[25.556,35.323],[25.479,35.295],[25.428,35.294],[25.392,35.319],[25.372,35.34],[25.235,35.33],[25.191,35.334],[25.185,35.345],[25.148,35.346],[25.091,35.338],[25.047,35.345],[25.037,35.401],[25.019,35.42],[24.992,35.413],[24.973,35.424],[24.961,35.404],[24.91,35.411],[24.834,35.406],[24.699,35.427],[24.652,35.42],[24.612,35.392],[24.552,35.376],[24.407,35.36],[24.375,35.362],[24.359,35.352],[24.301,35.353],[24.267,35.36],[24.258,35.376],[24.264,35.407],[24.253,35.431],[24.258,35.454],[24.242,35.472],[24.202,35.449],[24.178,35.452],[24.15,35.472],[24.119,35.471],[24.061,35.492],[24.078,35.508],[24.165,35.495],[24.181,35.504],[24.202,35.538],[24.175,35.587],[24.12,35.602],[24.08,35.592],[24.085,35.553],[24.06,35.554],[24.048,35.524],[23.995,35.511],[23.842,35.527],[23.779,35.546],[23.778,35.595],[23.762,35.648],[23.774,35.668],[23.74,35.693]]]},"properties":{"slug":"creta","name":"Creta","tier":"province","kind":"province","source":"pazout","spanSource":"ohm","basisYear":117,"segmentStart":-67,"segmentEnd":297,"spanStart":-67,"spanEnd":297}},
{"type":"Feature","geometry":{"type":"Polygon","coordinates":[[[18.317,27.701],[18.66,27.632],[19.006,27.606],[26.778,27.596],[26.762,31.476],[26.752,31.484],[26.71,31.481],[26.653,31.49],[26.574,31.493],[26.557,31.505],[26.497,31.495],[26.458,31.509],[26.35,31.523],[26.211,31.562],[26.154,31.572],[26.087,31.594],[25.889,31.628],[25.793,31.607],[25.626,31.553],[25.525,31.525],[25.462,31.516],[25.392,31.503],[25.292,31.505],[25.205,31.522],[25.172,31.536],[25.16,31.56],[25.179,31.568],[25.152,31.617],[25.145,31.642],[25.149,31.666],[25.114,31.745],[25.062,31.797],[25.063,31.807],[25.027,31.856],[25.041,31.92],[25.034,31.935],[24.995,31.962],[24.955,31.971],[24.879,31.978],[24.871,31.985],[24.803,31.996],[24.759,32.018],[24.709,32.022],[24.664,32.021],[24.601,31.996],[24.533,31.983],[24.5,31.993],[24.464,31.989],[24.449,31.996],[24.381,31.994],[24.353,32],[24.283,32],[24.269,32.007],[24.221,31.998],[24.134,32.005],[24.067,32.019],[24.018,32.052],[23.997,32.074],[24.009,32.086],[23.973,32.105],[23.906,32.119],[23.882,32.118],[23.854,32.133],[23.754,32.17],[23.667,32.182],[23.641,32.174],[23.599,32.176],[23.505,32.17],[23.463,32.178],[23.42,32.174],[23.365,32.204],[23.32,32.213],[23.306,32.201],[23.319,32.166],[23.302,32.164],[23.294,32.198],[23.255,32.203],[23.22,32.254],[23.216,32.273],[23.181,32.295],[23.124,32.315],[23.107,32.309],[23.089,32.33],[23.082,32.366],[23.117,32.417],[23.146,32.428],[23.159,32.458],[23.107,32.512],[23.101,32.574],[23.125,32.598],[23.127,32.613],[23.105,32.635],[23.064,32.642],[23.028,32.655],[22.993,32.654],[22.934,32.67],[22.913,32.671],[22.811,32.717],[22.733,32.734],[22.658,32.757],[22.644,32.775],[22.594,32.777],[22.535,32.801],[22.492,32.812],[22.474,32.825],[22.391,32.867],[22.342,32.869],[22.316,32.876],[22.253,32.872],[22.194,32.881],[22.167,32.906],[22.176,32.925],[22.145,32.938],[22.116,32.935],[22.071,32.91],[22.016,32.903],[21.963,32.902],[21.943,32.897],[21.889,32.9],[21.81,32.911],[21.716,32.941],[21.646,32.929],[21.578,32.89],[21.483,32.818],[21.441,32.798],[21.368,32.777],[21.239,32.77],[21.205,32.773],[21.157,32.768],[21.102,32.771],[21.061,32.761],[21.014,32.739],[20.946,32.714],[20.891,32.679],[20.747,32.617],[20.674,32.593],[20.556,32.535],[20.405,32.437],[20.36,32.405],[20.295,32.347],[20.214,32.286],[20.128,32.201],[20.102,32.18],[20.076,32.139],[20.054,32.118],[20.053,32.098],[20.034,32.06],[19.962,31.993],[19.942,31.953],[19.953,31.931],[19.942,31.871],[19.926,31.825],[19.931,31.804],[19.924,31.765],[19.937,31.707],[19.956,31.673],[19.959,31.631],[19.97,31.572],[19.985,31.538],[19.996,31.476],[20.015,31.462],[20.017,31.423],[20.03,31.391],[20.052,31.36],[20.087,31.341],[20.115,31.297],[20.135,31.25],[20.151,31.236],[20.173,31.164],[20.172,31.113],[20.161,31.055],[20.127,30.979],[20.091,30.917],[20.074,30.898],[20.061,30.857],[20.03,30.814],[19.982,30.766],[19.925,30.683],[19.875,30.628],[19.834,30.597],[19.785,30.537],[19.725,30.496],[19.699,30.472],[19.638,30.434],[19.622,30.419],[19.592,30.409],[19.571,30.418],[19.51,30.382],[19.377,30.316],[19.304,30.291],[19.221,30.272],[19.182,30.266],[19.118,30.269],[19.054,30.267],[18.995,30.274],[18.935,30.291],[18.883,30.329],[18.834,30.342],[18.801,30.358],[18.791,30.383],[18.685,30.404],[18.66,30.417],[18.651,30.439],[18.625,30.452],[18.569,30.501],[18.573,30.513],[18.53,30.522],[18.47,30.562],[18.409,30.595],[18.34,30.648],[18.293,30.687],[18.317,27.701]]]},"properties":{"slug":"cyrene","name":"Cyrene","tier":"province","kind":"province","source":"pazout","spanSource":"ohm","basisYear":117,"segmentStart":-67,"segmentEnd":297,"spanStart":-67,"spanEnd":297}},
{"type":"Feature","geometry":{"type":"Polygon","coordinates":[[[34.929,32.675],[34.998,32.696],[35.089,32.748],[35.196,32.82],[35.299,32.899],[35.433,33.003],[35.545,33.073],[35.618,33.065],[35.675,33.026],[35.705,32.95],[35.694,32.87],[35.83,32.866],[35.986,32.884],[36.145,32.945],[36.278,32.993],[36.442,33.002],[36.894,32.897],[37.246,32.787],[37.595,33.167],[37.862,33.637],[38.134,34.073],[38.4,34.418],[38.518,34.525],[38.655,34.612],[38.904,34.721],[39.066,34.745],[39.217,34.763],[39.368,34.792],[39.508,34.839],[39.625,34.926],[39.712,35.041],[39.946,35.362],[39.977,35.411],[39.994,35.468],[39.983,35.506],[39.953,35.549],[39.863,35.608],[39.851,35.674],[39.823,35.73],[39.783,35.747],[39.684,35.745],[39.529,35.853],[39.21,35.934],[38.984,35.916],[38.945,35.925],[38.827,35.936],[38.722,35.862],[38.519,35.859],[38.408,35.883],[38.268,35.938],[38.081,36.067],[38.069,36.095],[38.093,36.172],[38.137,36.19],[38.148,36.234],[38.173,36.247],[38.199,36.432],[38.273,36.542],[38.242,36.578],[38.218,36.637],[38.087,36.678],[38.05,36.715],[38.037,36.769],[38.03,36.887],[38.02,36.917],[37.969,36.989],[37.987,37.054],[37.933,37.1],[37.921,37.158],[38.03,37.237],[38.123,37.279],[38.214,37.313],[38.306,37.344],[38.346,37.374],[38.401,37.386],[38.44,37.405],[38.555,37.481],[38.577,37.501],[38.726,37.513],[38.828,37.503],[38.854,37.576],[38.841,37.646],[38.905,37.701],[38.926,37.769],[38.955,37.804],[39.03,37.857],[39.073,37.857],[39.148,37.912],[39.048,37.949],[38.595,37.849],[38.118,37.773],[37.794,37.721],[37.563,37.666],[37.293,37.588],[36.773,37.363],[36.713,37.38],[36.651,37.283],[36.549,37.168],[36.432,36.921],[36.383,36.823],[36.334,36.736],[36.262,36.672],[36.215,36.66],[36.197,36.627],[36.189,36.593],[36.162,36.596],[36.083,36.552],[36.036,36.532],[36.029,36.518],[35.985,36.477],[35.908,36.443],[35.897,36.418],[35.861,36.396],[35.857,36.373],[35.817,36.358],[35.807,36.339],[35.78,36.319],[35.791,36.281],[35.819,36.254],[35.879,36.173],[35.896,36.159],[35.944,36.082],[35.982,36.01],[35.958,35.983],[35.923,35.955],[35.919,35.93],[35.888,35.903],[35.878,35.871],[35.845,35.851],[35.818,35.853],[35.82,35.829],[35.84,35.78],[35.845,35.75],[35.83,35.715],[35.798,35.685],[35.768,35.67],[35.785,35.633],[35.776,35.608],[35.738,35.584],[35.733,35.563],[35.772,35.533],[35.762,35.508],[35.802,35.504],[35.855,35.472],[35.903,35.433],[35.912,35.411],[35.921,35.345],[35.92,35.278],[35.948,35.228],[35.952,35.19],[35.928,35.178],[35.928,35.159],[35.887,35.1],[35.886,35.065],[35.898,35.009],[35.878,34.989],[35.875,34.965],[35.879,34.919],[35.872,34.897],[35.929,34.779],[35.933,34.735],[35.979,34.625],[35.992,34.574],[35.986,34.529],[35.961,34.517],[35.903,34.467],[35.845,34.456],[35.814,34.444],[35.817,34.409],[35.775,34.383],[35.736,34.375],[35.72,34.315],[35.701,34.305],[35.674,34.306],[35.653,34.275],[35.661,34.246],[35.653,34.219],[35.632,34.192],[35.629,34.141],[35.642,34.135],[35.65,34.086],[35.625,34.038],[35.623,34.018],[35.645,34.007],[35.636,33.987],[35.618,33.987],[35.588,33.945],[35.572,33.904],[35.504,33.908],[35.471,33.9],[35.484,33.845],[35.478,33.792],[35.452,33.753],[35.444,33.712],[35.42,33.694],[35.413,33.652],[35.398,33.647],[35.399,33.618],[35.36,33.547],[35.358,33.523],[35.314,33.473],[35.289,33.463],[35.27,33.429],[35.252,33.382],[35.245,33.333],[35.223,33.308],[35.216,33.283],[35.199,33.268],[35.212,33.241],[35.204,33.201],[35.187,33.171],[35.168,33.165],[35.15,33.132],[35.112,33.112],[35.105,33.067],[35.077,32.969],[35.066,32.921],[35.081,32.909],[35.076,32.884],[35.056,32.84],[35.018,32.812],[34.981,32.836],[34.955,32.826],[34.957,32.803],[34.943,32.712],[34.927,32.698],[34.929,32.675]]]},"properties":{"slug":"syria","name":"Syria","tier":"province","kind":"province","source":"pazout","spanSource":"ohm","basisYear":117,"segmentStart":-64,"segmentEnd":198,"spanStart":-64,"spanEnd":198}},
{"type":"Feature","geometry":{"type":"Polygon","coordinates":[[[-8.675,41.145],[-8.657,41.084],[-8.646,41.032],[-8.646,40.996],[-8.659,40.93],[-8.687,40.839],[-8.719,40.747],[-8.758,40.646],[-8.75,40.64],[-8.758,40.596],[-8.792,40.487],[-8.842,40.338],[-8.872,40.263],[-8.909,40.187],[-8.879,40.163],[-8.864,40.123],[-8.899,40.037],[-8.96,39.902],[-9.052,39.718],[-9.06,39.677],[-9.084,39.624],[-9.076,39.589],[-9.128,39.53],[-9.172,39.501],[-9.226,39.438],[-9.262,39.41],[-9.31,39.381],[-9.367,39.362],[-9.36,39.325],[-9.347,39.312],[-9.336,39.276],[-9.339,39.229],[-9.358,39.175],[-9.422,39.075],[-9.416,39.043],[-9.425,39.005],[-9.417,38.941],[-9.455,38.852],[-9.5,38.78],[-9.472,38.75],[-9.486,38.708],[-9.459,38.695],[-9.421,38.69],[-9.392,38.702],[-9.324,38.675],[-9.281,38.698],[-9.218,38.692],[-9.125,38.71],[-9.105,38.73],[-9.093,38.758],[-9.087,38.814],[-9.061,38.858],[-9.04,38.866],[-9.018,38.892],[-9.005,38.931],[-8.988,38.92],[-8.994,38.882],[-8.978,38.867],[-8.987,38.852],[-8.957,38.828],[-8.931,38.795],[-8.932,38.77],[-8.976,38.747],[-9.044,38.717],[-9.006,38.688],[-9.011,38.663],[-9.039,38.66],[-9.049,38.679],[-9.089,38.662],[-9.082,38.645],[-9.106,38.633],[-9.151,38.672],[-9.18,38.679],[-9.234,38.673],[-9.26,38.663],[-9.221,38.62],[-9.19,38.557],[-9.183,38.53],[-9.186,38.48],[-9.22,38.415],[-9.198,38.409],[-9.168,38.43],[-9.138,38.429],[-9.1,38.442],[-9.064,38.435],[-8.991,38.465],[-8.981,38.479],[-8.945,38.484],[-8.926,38.506],[-8.888,38.521],[-8.78,38.473],[-8.771,38.493],[-8.802,38.527],[-8.742,38.538],[-8.728,38.514],[-8.716,38.442],[-8.699,38.418],[-8.746,38.418],[-8.764,38.408],[-8.819,38.42],[-8.83,38.442],[-8.893,38.491],[-8.912,38.489],[-8.833,38.428],[-8.811,38.395],[-8.792,38.352],[-8.777,38.272],[-8.78,38.183],[-8.802,38.106],[-8.817,38.067],[-8.855,37.993],[-8.874,37.968],[-8.857,37.939],[-8.81,37.93],[-8.8,37.908],[-8.79,37.838],[-8.807,37.773],[-8.81,37.742],[-8.787,37.714],[-8.819,37.598],[-8.786,37.533],[-8.797,37.499],[-8.798,37.441],[-8.808,37.414],[-8.841,37.359],[-8.877,37.319],[-8.86,37.268],[-8.885,37.221],[-8.913,37.183],[-8.903,37.169],[-8.939,37.107],[-8.961,37.087],[-8.987,37.032],[-8.967,37.027],[-8.948,37.004],[-8.906,37.024],[-8.892,37.041],[-8.861,37.044],[-8.824,37.065],[-8.764,37.072],[-8.735,37.084],[-8.666,37.084],[-8.669,37.101],[-8.639,37.119],[-8.592,37.122],[-8.538,37.116],[-8.437,37.085],[-8.398,37.09],[-8.372,37.101],[-8.351,37.098],[-8.302,37.073],[-8.251,37.086],[-8.185,37.091],[-8.09,37.062],[-8.035,37.03],[-7.976,37.007],[-7.952,37.019],[-7.888,36.982],[-7.862,36.999],[-7.861,37.02],[-7.756,37.045],[-7.726,37.067],[-7.666,37.098],[-7.642,37.102],[-7.614,37.128],[-7.564,37.15],[-7.458,37.177],[-7.395,37.166],[-7.355,37.174],[-7.309,37.195],[-7.382,37.285],[-7.429,37.364],[-7.429,37.472],[-7.405,37.598],[-7.39,37.702],[-7.403,37.835],[-7.449,38.01],[-7.405,38.167],[-7.36,38.279],[-7.324,38.349],[-7.236,38.442],[-7.164,38.567],[-7.135,38.661],[-7.075,38.735],[-6.984,38.772],[-6.777,38.703],[-6.627,38.673],[-6.413,38.669],[-6.168,38.694],[-5.988,38.727],[-5.822,38.773],[-5.752,38.803],[-5.654,38.837],[-5.535,38.901],[-5.434,38.978],[-5.374,39.074],[-5.273,39.159],[-5.185,39.248],[-5.096,39.301],[-5.044,39.375],[-4.932,39.412],[-4.834,39.533],[-4.76,39.648],[-4.726,39.785],[-4.689,39.9],[-4.392,40.145],[-4.292,40.284],[-4.307,40.388],[-4.37,40.435],[-4.466,40.459],[-4.623,40.486],[-4.724,40.517],[-4.995,40.752],[-5.383,41.086],[-5.571,41.233],[-5.818,41.395],[-5.945,41.466],[-6.046,41.509],[-6.147,41.565],[-6.221,41.526],[-6.325,41.402],[-6.405,41.352],[-6.452,41.295],[-6.632,41.242],[-6.671,41.205],[-6.735,41.178],[-6.758,41.097],[-6.919,41.056],[-7.026,41.074],[-7.092,41.163],[-7.208,41.159],[-7.283,41.193],[-7.388,41.185],[-7.503,41.227],[-7.668,41.18],[-7.744,41.193],[-8.125,41.091],[-8.234,41.083],[-8.311,41.05],[-8.429,41.081],[-8.527,41.13],[-8.619,41.156],[-8.675,41.145]]]},"properties":{"slug":"lusitania","name":"Lusitania","tier":"province","kind":"province","source":"pazout","spanSource":"ohm","basisYear":117,"segmentStart":-28,"segmentEnd":409,"spanStart":-28,"spanEnd":409}},
{"type":"Feature","geometry":{"type":"MultiPolygon","coordinates":[[[[32.329,30.592],[32.312,30.591],[32.306,30.568],[32.314,30.546],[32.344,30.519],[32.329,30.592]]],[[[32.31,31.114],[32.332,31.191],[32.307,31.192],[32.31,31.114]]],[[[32.328,31.27],[32.308,31.247],[32.307,31.195],[32.333,31.194],[32.342,31.242],[32.328,31.27]]],[[[32.624,29.876],[34.077,31.238],[34.025,31.213],[33.919,31.175],[33.782,31.139],[33.686,31.12],[33.583,31.113],[33.536,31.116],[33.492,31.125],[33.461,31.149],[33.423,31.165],[33.409,31.15],[33.39,31.154],[33.374,31.136],[33.371,31.115],[33.309,31.109],[33.241,31.077],[33.222,31.059],[33.194,31.059],[33.164,31.044],[33.134,31.04],[33.15,31.079],[33.116,31.092],[33.119,31.107],[33.104,31.126],[33.127,31.139],[33.106,31.175],[33.09,31.181],[33.028,31.152],[33.005,31.12],[32.965,31.092],[33.022,31.095],[33.03,31.116],[33.051,31.109],[33.045,31.085],[33.026,31.088],[33.009,31.07],[33.006,31.049],[32.975,31.054],[32.97,31.084],[32.943,31.098],[32.924,31.089],[32.866,31.089],[32.819,31.068],[32.793,31.047],[32.752,31.046],[32.719,31.028],[32.709,31.051],[32.675,31.058],[32.641,31.056],[32.594,31.06],[32.529,31.094],[32.478,31.152],[32.418,31.195],[32.36,31.227],[32.337,31.186],[32.31,31.094],[32.319,30.823],[32.338,30.743],[32.351,30.716],[32.354,30.688],[32.334,30.604],[32.333,30.585],[32.357,30.467],[32.365,30.414],[32.392,30.388],[32.398,30.357],[32.417,30.37],[32.441,30.35],[32.447,30.293],[32.463,30.279],[32.523,30.261],[32.533,30.267],[32.563,30.234],[32.574,30.211],[32.571,30.164],[32.573,30.072],[32.588,29.982],[32.583,29.945],[32.56,29.926],[32.583,29.915],[32.624,29.876]]],[[[26.778,27.596],[27.026,26.697],[27.411,25.859],[27.845,25.15],[28.372,24.507],[29.059,23.795],[30.004,22.948],[30.74,22.441],[31.036,22.289],[31.344,22.213],[31.838,22.157],[32.563,22.147],[33.992,22.208],[34.706,22.299],[35.189,22.36],[35.585,22.482],[35.75,22.568],[35.826,22.634],[35.843,22.736],[35.828,22.783],[35.809,22.803],[35.802,22.826],[35.77,22.837],[35.786,22.853],[35.776,22.878],[35.749,22.862],[35.72,22.887],[35.694,22.92],[35.682,22.947],[35.662,22.956],[35.672,22.977],[35.661,23.015],[35.648,23.09],[35.632,23.11],[35.625,23.141],[35.594,23.181],[35.587,23.201],[35.57,23.214],[35.569,23.26],[35.556,23.285],[35.55,23.319],[35.554,23.364],[35.546,23.374],[35.532,23.427],[35.493,23.468],[35.484,23.502],[35.501,23.54],[35.506,23.589],[35.496,23.629],[35.507,23.645],[35.512,23.682],[35.501,23.743],[35.491,23.77],[35.473,23.784],[35.482,23.815],[35.476,23.853],[35.488,23.87],[35.481,23.915],[35.472,23.925],[35.493,23.944],[35.502,23.977],[35.542,23.971],[35.574,23.94],[35.609,23.927],[35.642,23.931],[35.683,23.911],[35.743,23.94],[35.768,23.948],[35.74,23.98],[35.71,23.995],[35.668,24.006],[35.634,24.001],[35.599,24.017],[35.599,24.054],[35.586,24.083],[35.545,24.115],[35.523,24.119],[35.493,24.111],[35.482,24.137],[35.462,24.15],[35.425,24.198],[35.408,24.253],[35.341,24.323],[35.319,24.36],[35.298,24.359],[35.265,24.376],[35.223,24.415],[35.194,24.46],[35.138,24.512],[35.149,24.556],[35.135,24.603],[35.098,24.643],[35.11,24.665],[35.084,24.685],[35.089,24.714],[35.079,24.741],[35.038,24.789],[35.015,24.806],[34.993,24.831],[34.988,24.891],[34.936,24.963],[34.947,24.984],[34.941,25.002],[34.916,25.029],[34.851,25.166],[34.806,25.215],[34.791,25.258],[34.744,25.321],[34.73,25.372],[34.699,25.403],[34.689,25.451],[34.676,25.485],[34.653,25.506],[34.642,25.531],[34.637,25.575],[34.6,25.61],[34.579,25.658],[34.563,25.679],[34.565,25.7],[34.539,25.745],[34.496,25.78],[34.472,25.817],[34.437,25.836],[34.414,25.881],[34.412,25.906],[34.376,25.964],[34.351,25.978],[34.33,26.012],[34.313,26.065],[34.283,26.099],[34.287,26.116],[34.266,26.144],[34.245,26.156],[34.237,26.183],[34.217,26.213],[34.203,26.262],[34.185,26.287],[34.188,26.307],[34.168,26.341],[34.156,26.347],[34.132,26.385],[34.107,26.412],[34.082,26.462],[34.081,26.48],[34.064,26.524],[34.037,26.554],[34.018,26.61],[33.991,26.634],[33.947,26.653],[33.932,26.679],[33.943,26.743],[33.936,26.789],[33.949,26.806],[33.945,26.831],[33.961,26.859],[33.986,26.847],[33.989,26.873],[33.984,26.901],[33.961,26.912],[33.938,26.933],[33.91,26.998],[33.885,27.032],[33.895,27.048],[33.891,27.072],[33.859,27.085],[33.828,27.112],[33.832,27.149],[33.829,27.183],[33.852,27.201],[33.841,27.226],[33.848,27.241],[33.83,27.26],[33.809,27.262],[33.773,27.282],[33.753,27.302],[33.716,27.315],[33.694,27.336],[33.681,27.374],[33.687,27.395],[33.678,27.417],[33.64,27.449],[33.627,27.483],[33.59,27.52],[33.558,27.527],[33.566,27.566],[33.537,27.616],[33.513,27.638],[33.494,27.643],[33.516,27.673],[33.549,27.684],[33.538,27.705],[33.56,27.755],[33.519,27.751],[33.489,27.799],[33.469,27.809],[33.48,27.834],[33.524,27.826],[33.539,27.813],[33.566,27.81],[33.585,27.847],[33.56,27.871],[33.557,27.893],[33.482,27.989],[33.455,28.001],[33.41,28.034],[33.373,28.033],[33.365,28.048],[33.34,28.054],[33.336,28.084],[33.298,28.112],[33.278,28.138],[33.253,28.14],[33.244,28.164],[33.207,28.205],[33.187,28.218],[33.161,28.25],[33.157,28.271],[33.125,28.293],[33.113,28.316],[33.111,28.349],[33.079,28.368],[33.042,28.419],[33.018,28.467],[32.999,28.489],[32.98,28.493],[32.93,28.552],[32.868,28.571],[32.864,28.615],[32.853,28.653],[32.829,28.71],[32.83,28.726],[32.809,28.771],[32.791,28.791],[32.758,28.801],[32.739,28.815],[32.726,28.842],[32.689,28.869],[32.671,28.921],[32.657,28.943],[32.621,28.981],[32.631,29.038],[32.623,29.051],[32.662,29.086],[32.666,29.112],[32.651,29.129],[32.647,29.176],[32.627,29.203],[32.63,29.236],[32.606,29.278],[32.609,29.292],[32.592,29.345],[32.574,29.373],[32.528,29.412],[32.505,29.423],[32.443,29.488],[32.398,29.511],[32.372,29.537],[32.362,29.565],[32.343,29.589],[32.347,29.604],[32.372,29.634],[32.36,29.675],[32.386,29.709],[32.42,29.767],[32.442,29.79],[32.485,29.821],[32.509,29.858],[32.478,29.862],[32.459,29.892],[32.476,29.936],[32.491,29.946],[32.552,29.964],[32.582,29.957],[32.584,29.983],[32.57,30.062],[32.568,30.163],[32.56,30.198],[32.536,30.196],[32.515,30.226],[32.524,30.245],[32.483,30.259],[32.451,30.231],[32.43,30.239],[32.426,30.259],[32.389,30.281],[32.348,30.285],[32.326,30.317],[32.306,30.334],[32.305,30.388],[32.317,30.405],[32.356,30.418],[32.338,30.503],[32.329,30.524],[32.3,30.557],[32.273,30.577],[32.306,30.587],[32.323,30.619],[32.342,30.712],[32.323,30.746],[32.314,30.787],[32.316,30.813],[32.302,31.222],[32.304,31.259],[32.319,31.273],[32.213,31.287],[32.062,31.366],[32.005,31.409],[31.967,31.464],[31.945,31.512],[31.911,31.52],[31.836,31.52],[31.759,31.48],[31.651,31.455],[31.567,31.442],[31.492,31.461],[31.399,31.507],[31.296,31.552],[31.247,31.567],[31.163,31.587],[31.13,31.598],[31.057,31.6],[30.968,31.583],[30.937,31.572],[30.856,31.551],[30.7,31.501],[30.543,31.46],[30.514,31.456],[30.444,31.457],[30.435,31.465],[30.376,31.479],[30.337,31.394],[30.301,31.337],[30.274,31.314],[30.223,31.285],[30.162,31.269],[30.085,31.283],[30.072,31.308],[30.05,31.319],[30.036,31.294],[29.987,31.265],[29.959,31.241],[29.9,31.202],[29.878,31.2],[29.857,31.164],[29.823,31.138],[29.783,31.146],[29.772,31.126],[29.679,31.061],[29.543,30.971],[29.467,30.932],[29.353,30.882],[29.21,30.837],[29.142,30.822],[29.075,30.82],[29.031,30.827],[28.983,30.841],[28.975,30.853],[28.907,30.875],[28.892,30.893],[28.842,30.917],[28.831,30.953],[28.791,30.957],[28.768,30.966],[28.759,30.985],[28.729,30.986],[28.706,31.003],[28.644,31.006],[28.603,31.018],[28.592,31.038],[28.555,31.053],[28.533,31.05],[28.482,31.06],[28.432,31.088],[28.382,31.082],[28.315,31.067],[28.278,31.074],[28.207,31.072],[28.157,31.092],[28.082,31.087],[28.018,31.087],[27.927,31.098],[27.896,31.118],[27.892,31.167],[27.871,31.19],[27.862,31.245],[27.819,31.215],[27.762,31.197],[27.693,31.181],[27.644,31.179],[27.637,31.196],[27.567,31.193],[27.553,31.206],[27.488,31.207],[27.438,31.219],[27.392,31.254],[27.367,31.316],[27.347,31.34],[27.354,31.357],[27.34,31.373],[27.259,31.366],[27.239,31.357],[27.177,31.361],[27.176,31.376],[27.111,31.376],[27.072,31.385],[27.063,31.407],[27.011,31.412],[27.003,31.426],[26.973,31.444],[26.924,31.44],[26.836,31.442],[26.787,31.46],[26.762,31.476],[26.778,27.596]]]]},"properties":{"slug":"aegyptus","name":"Aegyptus","tier":"province","kind":"province","source":"pazout","spanSource":"ohm","basisYear":117,"segmentStart":-27,"segmentEnd":641,"spanStart":-27,"spanEnd":641}},
{"type":"Feature","geometry":{"type":"MultiPolygon","coordinates":[[[[-1.215,45.872],[-1.226,45.936],[-1.258,45.99],[-1.311,45.992],[-1.336,46.014],[-1.369,46.03],[-1.397,46.025],[-1.389,46],[-1.395,45.98],[-1.379,45.962],[-1.323,45.93],[-1.306,45.903],[-1.269,45.882],[-1.257,45.866],[-1.215,45.872]]],[[[-2.374,46.734],[-2.388,46.709],[-2.328,46.687],[-2.309,46.696],[-2.318,46.718],[-2.374,46.734]]],[[[-2.176,46.93],[-2.187,46.961],[-2.237,46.982],[-2.218,47.008],[-2.251,47.028],[-2.302,47.02],[-2.288,46.994],[-2.248,46.962],[-2.207,46.957],[-2.176,46.93]]],[[[-1.522,46.25],[-1.561,46.238],[-1.541,46.214],[-1.499,46.195],[-1.468,46.203],[-1.393,46.177],[-1.355,46.156],[-1.302,46.161],[-1.321,46.187],[-1.355,46.206],[-1.425,46.205],[-1.416,46.231],[-1.458,46.229],[-1.488,46.207],[-1.515,46.228],[-1.522,46.25]]],[[[-2.036,47.293],[-2.051,47.287],[-2.164,47.275],[-2.172,47.239],[-2.161,47.212],[-2.164,47.176],[-2.176,47.157],[-2.226,47.152],[-2.248,47.134],[-2.112,47.11],[-2.054,47.095],[-2.04,47.077],[-2.004,47.06],[-1.978,47.01],[-2.011,47.005],[-2.039,46.979],[-2.046,46.949],[-2.084,46.938],[-2.127,46.893],[-2.157,46.886],[-2.142,46.819],[-2.059,46.775],[-1.981,46.719],[-1.966,46.692],[-1.948,46.695],[-1.908,46.652],[-1.858,46.61],[-1.824,46.532],[-1.813,46.494],[-1.77,46.489],[-1.755,46.474],[-1.689,46.443],[-1.649,46.433],[-1.628,46.414],[-1.516,46.404],[-1.496,46.391],[-1.47,46.344],[-1.438,46.34],[-1.359,46.344],[-1.328,46.327],[-1.294,46.29],[-1.277,46.308],[-1.209,46.268],[-1.206,46.289],[-1.178,46.311],[-1.133,46.299],[-1.123,46.266],[-1.144,46.243],[-1.199,46.213],[-1.199,46.194],[-1.227,46.168],[-1.221,46.147],[-1.187,46.154],[-1.124,46.118],[-1.101,46.094],[-1.089,46.054],[-1.063,46.048],[-1.053,46.005],[-1.081,45.997],[-1.083,45.966],[-1.065,45.95],[-1.077,45.937],[-1.083,45.897],[-1.122,45.858],[-1.163,45.854],[-1.141,45.824],[-1.155,45.802],[-1.194,45.79],[-1.237,45.786],[-1.245,45.767],[-1.235,45.693],[-1.207,45.697],[-1.151,45.671],[-1.123,45.651],[-1.073,45.634],[-1.013,45.6],[-0.97,45.561],[-0.914,45.548],[-0.871,45.517],[-0.847,45.51],[-0.801,45.474],[-0.753,45.422],[-0.741,45.399],[-0.713,45.321],[-0.686,45.214],[-0.669,45.166],[-0.668,45.13],[-0.637,45.075],[-0.594,45.035],[-0.619,45.033],[-0.651,45.047],[-0.681,45.077],[-0.726,45.158],[-0.747,45.204],[-0.747,45.235],[-0.768,45.29],[-0.803,45.345],[-0.848,45.381],[-0.904,45.408],[-0.932,45.44],[-0.972,45.454],[-1.066,45.511],[-1.062,45.572],[-1.091,45.566],[-1.1,45.542],[-1.13,45.516],[-1.152,45.484],[-1.151,45.439],[-1.16,45.416],[-1.161,45.305],[-1.188,45.122],[-1.205,44.98],[-1.224,44.855],[-1.253,44.704],[-1.245,44.648],[-1.224,44.708],[-1.204,44.718],[-1.169,44.773],[-1.096,44.736],[-1.054,44.706],[-1.051,44.682],[-1.022,44.673],[-1.029,44.656],[-1.079,44.644],[-1.119,44.648],[-1.164,44.665],[-1.193,44.661],[-1.205,44.616],[-1.258,44.529],[-1.25,44.49],[-1.277,44.326],[-1.312,44.144],[-1.374,43.918],[-1.415,43.791],[-1.44,43.697],[-1.445,43.647],[-1.493,43.571],[-1.547,43.494],[-1.601,43.431],[-1.631,43.413],[-1.743,43.38],[-1.722,43.341],[-1.61,43.305],[-1.513,43.269],[-1.432,43.257],[-1.353,43.239],[-1.285,43.184],[-1.189,43.137],[-1.073,43.112],[-0.951,43.109],[-0.827,43.091],[-0.766,43.047],[-0.692,42.979],[-0.594,42.884],[-0.488,42.807],[-0.404,42.756],[-0.297,42.709],[-0.171,42.687],[-0.021,42.667],[0.136,42.703],[0.252,42.74],[0.391,42.75],[0.534,42.742],[0.607,42.717],[0.65,42.643],[0.717,42.572],[0.836,42.547],[0.958,42.585],[1.003,42.625],[1.023,42.643],[1.024,42.687],[1.051,42.778],[1.036,42.874],[0.965,42.964],[0.882,43.039],[0.782,43.144],[0.711,43.233],[0.67,43.337],[0.651,43.438],[0.671,43.541],[0.731,43.632],[0.821,43.718],[0.972,43.803],[1.168,43.882],[1.397,43.96],[1.572,44.017],[1.79,44.081],[1.983,44.142],[2.175,44.193],[2.367,44.234],[2.551,44.263],[2.754,44.296],[2.953,44.323],[3.091,44.328],[3.207,44.322],[3.382,44.307],[3.543,44.318],[3.707,44.348],[3.836,44.392],[3.984,44.48],[4.077,44.557],[4.194,44.693],[4.265,44.826],[4.296,44.975],[4.311,45.126],[4.357,45.272],[4.441,45.384],[4.515,45.503],[4.517,45.551],[4.502,45.593],[4.498,45.592],[4.4,45.644],[4.274,45.685],[4.168,45.689],[4.048,45.768],[3.918,45.926],[3.759,46.123],[3.706,46.21],[3.631,46.323],[3.558,46.419],[3.408,46.558],[3.312,46.636],[3.208,46.691],[3.082,46.736],[3.037,46.77],[3.069,46.962],[3.083,47.008],[3.069,47.045],[3.018,47.087],[2.95,47.23],[2.869,47.301],[2.851,47.356],[2.877,47.441],[2.861,47.493],[2.806,47.529],[2.781,47.573],[2.707,47.618],[2.404,47.657],[2.255,47.654],[2.092,47.628],[1.886,47.572],[1.685,47.507],[1.535,47.461],[1.313,47.399],[1.224,47.364],[1.09,47.294],[0.977,47.243],[0.831,47.203],[0.663,47.155],[0.484,47.112],[0.276,47.084],[0.039,47.079],[-0.157,47.095],[-0.456,47.123],[-0.704,47.165],[-0.976,47.232],[-1.128,47.294],[-1.219,47.346],[-1.264,47.351],[-1.384,47.313],[-1.457,47.267],[-1.543,47.24],[-1.659,47.227],[-1.758,47.229],[-1.807,47.216],[-1.867,47.267],[-1.903,47.278],[-2.036,47.293]]]]},"properties":{"slug":"aquitania","name":"Aquitania","tier":"province","kind":"province","source":"pazout","spanSource":"ohm","basisYear":117,"segmentStart":-27,"segmentEnd":476,"spanStart":-27,"spanEnd":476}},
{"type":"Feature","geometry":{"type":"MultiPolygon","coordinates":[[[[-3.084,47.294],[-3.088,47.316],[-3.139,47.329],[-3.156,47.358],[-3.218,47.373],[-3.254,47.368],[-3.238,47.324],[-3.197,47.315],[-3.154,47.294],[-3.084,47.294]]],[[[4.537,45.606],[4.687,45.654],[4.75,45.697],[4.805,45.729],[4.899,45.734],[4.99,45.748],[5.067,45.776],[5.128,45.81],[5.18,45.822],[5.238,45.823],[5.321,45.839],[5.38,45.876],[5.422,45.846],[5.43,45.802],[5.47,45.776],[5.534,45.751],[5.592,45.647],[5.66,45.641],[5.713,45.676],[5.749,45.721],[5.782,45.747],[5.824,45.766],[5.827,45.826],[5.825,45.884],[5.841,45.943],[5.842,46.006],[5.855,46.086],[5.909,46.122],[5.977,46.143],[5.929,46.24],[5.891,46.317],[5.827,46.406],[5.723,46.563],[5.624,46.707],[5.441,46.963],[5.28,47.133],[5.166,47.238],[5.02,47.326],[4.893,47.35],[4.769,47.356],[4.697,47.402],[4.692,47.474],[4.72,47.536],[4.736,47.594],[4.696,47.644],[4.612,47.687],[4.479,47.732],[4.39,47.784],[4.331,47.842],[4.31,47.906],[4.297,47.98],[4.352,48.016],[4.452,48.059],[4.583,48.132],[4.711,48.223],[4.804,48.304],[4.86,48.404],[4.797,48.444],[4.668,48.505],[4.286,48.659],[4.133,48.723],[3.981,48.773],[3.657,48.853],[3.287,48.949],[3.134,48.984],[2.809,49.095],[2.668,49.152],[2.526,49.201],[2.377,49.273],[2.258,49.314],[2.14,49.349],[2.025,49.368],[1.916,49.395],[1.814,49.428],[1.709,49.469],[1.516,49.561],[1.379,49.646],[1.297,49.691],[1.115,49.775],[0.977,49.833],[0.854,49.877],[0.833,49.889],[0.789,49.875],[0.709,49.873],[0.642,49.864],[0.572,49.849],[0.513,49.82],[0.386,49.771],[0.326,49.743],[0.287,49.738],[0.206,49.714],[0.164,49.686],[0.153,49.644],[0.108,49.585],[0.069,49.525],[0.09,49.482],[0.127,49.457],[0.215,49.453],[0.278,49.444],[0.113,49.395],[0.045,49.348],[-0.023,49.319],[-0.09,49.299],[-0.173,49.286],[-0.271,49.292],[-0.313,49.302],[-0.368,49.326],[-0.409,49.335],[-0.557,49.346],[-0.602,49.34],[-0.639,49.345],[-0.724,49.347],[-0.844,49.361],[-0.939,49.395],[-1.004,49.396],[-1.07,49.391],[-1.12,49.359],[-1.183,49.363],[-1.161,49.381],[-1.163,49.403],[-1.189,49.43],[-1.257,49.486],[-1.31,49.548],[-1.305,49.574],[-1.267,49.593],[-1.254,49.612],[-1.228,49.623],[-1.252,49.662],[-1.289,49.693],[-1.391,49.706],[-1.426,49.703],[-1.475,49.682],[-1.488,49.668],[-1.532,49.655],[-1.57,49.657],[-1.603,49.646],[-1.673,49.658],[-1.72,49.68],[-1.762,49.679],[-1.827,49.693],[-1.858,49.717],[-1.884,49.706],[-1.912,49.724],[-1.942,49.726],[-1.941,49.675],[-1.899,49.666],[-1.859,49.649],[-1.847,49.623],[-1.841,49.577],[-1.858,49.552],[-1.885,49.541],[-1.883,49.521],[-1.851,49.51],[-1.844,49.471],[-1.824,49.448],[-1.823,49.403],[-1.808,49.372],[-1.777,49.371],[-1.708,49.318],[-1.662,49.26],[-1.651,49.236],[-1.608,49.197],[-1.593,49.135],[-1.611,49.098],[-1.598,49.027],[-1.562,49.006],[-1.563,48.942],[-1.576,48.87],[-1.602,48.837],[-1.575,48.822],[-1.57,48.805],[-1.574,48.752],[-1.553,48.732],[-1.53,48.73],[-1.504,48.684],[-1.432,48.667],[-1.393,48.677],[-1.395,48.652],[-1.446,48.627],[-1.516,48.618],[-1.543,48.631],[-1.666,48.61],[-1.776,48.603],[-1.838,48.614],[-1.872,48.646],[-1.862,48.668],[-1.837,48.68],[-1.846,48.71],[-1.906,48.69],[-1.938,48.694],[-1.972,48.685],[-2.026,48.646],[-2.007,48.609],[-1.978,48.593],[-1.981,48.573],[-1.96,48.549],[-1.989,48.546],[-2.015,48.588],[-2.057,48.64],[-2.14,48.632],[-2.183,48.577],[-2.201,48.582],[-2.263,48.644],[-2.297,48.626],[-2.313,48.633],[-2.287,48.667],[-2.328,48.674],[-2.402,48.641],[-2.438,48.653],[-2.467,48.65],[-2.473,48.625],[-2.501,48.607],[-2.552,48.594],[-2.633,48.525],[-2.682,48.532],[-2.697,48.507],[-2.727,48.53],[-2.72,48.555],[-2.775,48.572],[-2.785,48.586],[-2.821,48.594],[-2.814,48.61],[-2.827,48.656],[-2.881,48.675],[-2.905,48.699],[-2.948,48.726],[-2.932,48.755],[-2.959,48.764],[-3.016,48.766],[-3.029,48.784],[-3.014,48.822],[-3.053,48.815],[-3.078,48.83],[-3.087,48.867],[-3.13,48.864],[-3.168,48.853],[-3.199,48.826],[-3.22,48.867],[-3.234,48.867],[-3.263,48.835],[-3.322,48.838],[-3.352,48.821],[-3.384,48.815],[-3.395,48.801],[-3.43,48.797],[-3.48,48.838],[-3.513,48.836],[-3.566,48.797],[-3.586,48.769],[-3.55,48.749],[-3.548,48.733],[-3.584,48.719],[-3.568,48.686],[-3.583,48.67],[-3.616,48.683],[-3.655,48.682],[-3.703,48.691],[-3.734,48.709],[-3.784,48.701],[-3.814,48.714],[-3.842,48.705],[-3.865,48.671],[-3.845,48.627],[-3.897,48.646],[-3.907,48.669],[-3.952,48.663],[-3.976,48.7],[-4.001,48.712],[-4.035,48.713],[-4.058,48.689],[-4.112,48.695],[-4.19,48.683],[-4.233,48.649],[-4.275,48.649],[-4.296,48.665],[-4.346,48.677],[-4.4,48.656],[-4.43,48.653],[-4.459,48.629],[-4.51,48.633],[-4.563,48.622],[-4.551,48.604],[-4.603,48.585],[-4.612,48.573],[-4.688,48.572],[-4.75,48.544],[-4.777,48.496],[-4.759,48.47],[-4.78,48.451],[-4.795,48.415],[-4.761,48.372],[-4.782,48.354],[-4.77,48.328],[-4.708,48.332],[-4.681,48.356],[-4.628,48.338],[-4.538,48.357],[-4.501,48.378],[-4.433,48.397],[-4.396,48.387],[-4.431,48.365],[-4.448,48.325],[-4.372,48.327],[-4.367,48.345],[-4.308,48.338],[-4.333,48.314],[-4.257,48.309],[-4.234,48.292],[-4.308,48.297],[-4.366,48.278],[-4.408,48.276],[-4.427,48.291],[-4.459,48.293],[-4.505,48.282],[-4.553,48.295],[-4.546,48.324],[-4.571,48.33],[-4.567,48.287],[-4.613,48.262],[-4.584,48.253],[-4.554,48.211],[-4.551,48.181],[-4.518,48.192],[-4.498,48.233],[-4.439,48.236],[-4.368,48.205],[-4.332,48.206],[-4.305,48.195],[-4.275,48.156],[-4.271,48.135],[-4.287,48.103],[-4.305,48.089],[-4.362,48.109],[-4.488,48.087],[-4.536,48.089],[-4.553,48.077],[-4.595,48.076],[-4.677,48.061],[-4.716,48.063],[-4.696,48.026],[-4.664,48.027],[-4.598,48.015],[-4.559,48],[-4.541,48.013],[-4.45,47.981],[-4.419,47.959],[-4.387,47.926],[-4.363,47.889],[-4.346,47.844],[-4.38,47.822],[-4.367,47.795],[-4.299,47.8],[-4.268,47.79],[-4.196,47.797],[-4.165,47.815],[-4.164,47.848],[-4.114,47.869],[-4.077,47.867],[-4.041,47.844],[-3.985,47.854],[-3.981,47.888],[-3.96,47.897],[-3.903,47.859],[-3.894,47.833],[-3.847,47.792],[-3.837,47.797],[-3.762,47.79],[-3.734,47.804],[-3.682,47.777],[-3.647,47.779],[-3.617,47.769],[-3.573,47.77],[-3.523,47.762],[-3.501,47.731],[-3.452,47.696],[-3.384,47.703],[-3.377,47.723],[-3.348,47.735],[-3.341,47.709],[-3.288,47.701],[-3.272,47.679],[-3.214,47.644],[-3.212,47.662],[-3.171,47.731],[-3.151,47.711],[-3.162,47.68],[-3.195,47.679],[-3.21,47.644],[-3.198,47.624],[-3.161,47.606],[-3.141,47.58],[-3.135,47.549],[-3.155,47.523],[-3.143,47.486],[-3.109,47.489],[-3.126,47.512],[-3.134,47.543],[-3.124,47.572],[-3.091,47.565],[-3.041,47.579],[-3.004,47.566],[-2.982,47.579],[-2.964,47.557],[-2.929,47.554],[-2.964,47.591],[-2.942,47.598],[-2.905,47.59],[-2.856,47.615],[-2.801,47.618],[-2.758,47.615],[-2.703,47.59],[-2.752,47.538],[-2.845,47.545],[-2.902,47.56],[-2.913,47.543],[-2.863,47.527],[-2.85,47.498],[-2.812,47.487],[-2.716,47.506],[-2.681,47.495],[-2.662,47.518],[-2.587,47.518],[-2.554,47.511],[-2.52,47.527],[-2.467,47.512],[-2.471,47.488],[-2.501,47.459],[-2.447,47.439],[-2.458,47.426],[-2.556,47.378],[-2.509,47.344],[-2.498,47.28],[-2.43,47.258],[-2.418,47.277],[-2.371,47.277],[-2.299,47.233],[-2.267,47.238],[-2.247,47.256],[-2.223,47.258],[-2.182,47.284],[-2.115,47.301],[-2.046,47.301],[-2.036,47.293],[-1.903,47.278],[-1.867,47.267],[-1.807,47.216],[-1.758,47.229],[-1.659,47.227],[-1.543,47.24],[-1.457,47.267],[-1.384,47.313],[-1.264,47.351],[-1.219,47.346],[-1.128,47.294],[-0.976,47.232],[-0.704,47.165],[-0.456,47.123],[-0.157,47.095],[0.039,47.079],[0.276,47.084],[0.484,47.112],[0.663,47.155],[0.831,47.203],[0.977,47.243],[1.09,47.294],[1.224,47.364],[1.313,47.399],[1.535,47.461],[1.685,47.507],[1.886,47.572],[2.092,47.628],[2.255,47.654],[2.404,47.657],[2.707,47.618],[2.781,47.573],[2.806,47.529],[2.861,47.493],[2.877,47.441],[2.851,47.356],[2.869,47.301],[2.95,47.23],[3.018,47.087],[3.069,47.045],[3.083,47.008],[3.069,46.962],[3.037,46.77],[3.082,46.736],[3.208,46.691],[3.312,46.636],[3.408,46.558],[3.558,46.419],[3.631,46.323],[3.706,46.21],[3.759,46.123],[3.918,45.926],[4.048,45.768],[4.168,45.689],[4.274,45.685],[4.4,45.644],[4.498,45.592],[4.537,45.606]]],[[[-5.052,48.462],[-5.068,48.482],[-5.107,48.472],[-5.12,48.453],[-5.052,48.462]]]]},"properties":{"slug":"lugdunensis","name":"Lugdunensis","tier":"province","kind":"province","source":"pazout","spanSource":"ohm","basisYear":117,"segmentStart":-27,"segmentEnd":476,"spanStart":-27,"spanEnd":476}},
{"type":"Feature","geometry":{"type":"Polygon","coordinates":[[[4.211,51.349],[4.174,51.36],[4.13,51.339],[4.095,51.362],[4.053,51.366],[4.018,51.401],[3.976,51.407],[3.954,51.368],[3.918,51.361],[3.867,51.336],[3.789,51.35],[3.724,51.349],[3.688,51.371],[3.641,51.376],[3.548,51.405],[3.503,51.406],[3.437,51.388],[3.38,51.378],[3.366,51.369],[3.241,51.343],[3.226,51.349],[3.175,51.34],[3.151,51.323],[3.078,51.303],[3.056,51.291],[2.791,51.179],[2.538,51.086],[2.455,51.064],[2.385,51.05],[2.341,51.057],[2.212,51.032],[2.179,51.016],[2.143,51.021],[2.108,51.004],[2.091,51.01],[2.046,50.999],[1.88,50.979],[1.858,50.97],[1.788,50.957],[1.709,50.927],[1.642,50.878],[1.582,50.871],[1.579,50.858],[1.607,50.79],[1.592,50.73],[1.573,50.728],[1.561,50.699],[1.576,50.639],[1.581,50.564],[1.62,50.534],[1.58,50.529],[1.574,50.469],[1.557,50.397],[1.614,50.36],[1.551,50.356],[1.54,50.296],[1.546,50.257],[1.586,50.255],[1.623,50.214],[1.677,50.21],[1.689,50.188],[1.66,50.174],[1.613,50.192],[1.594,50.185],[1.566,50.199],[1.558,50.216],[1.516,50.205],[1.483,50.171],[1.454,50.109],[1.431,50.093],[1.329,50.046],[1.203,49.972],[1.106,49.936],[1.025,49.916],[0.963,49.92],[0.931,49.907],[0.843,49.889],[0.854,49.877],[0.977,49.833],[1.115,49.775],[1.297,49.691],[1.379,49.646],[1.516,49.561],[1.709,49.469],[1.814,49.428],[1.916,49.395],[2.025,49.368],[2.14,49.349],[2.258,49.314],[2.377,49.273],[2.526,49.201],[2.668,49.152],[2.809,49.095],[3.134,48.984],[3.287,48.949],[3.657,48.853],[3.981,48.773],[4.133,48.723],[4.286,48.659],[4.668,48.505],[4.797,48.444],[4.86,48.404],[4.983,48.426],[5.084,48.465],[5.197,48.496],[5.315,48.516],[5.465,48.531],[5.591,48.514],[5.737,48.47],[5.807,48.435],[5.872,48.388],[5.952,48.302],[5.998,48.211],[6.047,48.126],[6.089,48.066],[6.149,48.017],[6.266,47.99],[6.375,47.979],[6.474,47.99],[6.576,47.97],[6.793,47.913],[6.887,47.922],[6.956,47.968],[7.004,48.048],[7.018,48.256],[7.021,48.368],[7.015,48.498],[7.018,48.599],[7.024,48.67],[7.099,48.837],[7.157,48.922],[7.239,49.005],[7.301,49.057],[7.379,49.115],[7.472,49.177],[7.567,49.247],[7.644,49.321],[7.69,49.396],[7.708,49.48],[7.688,49.557],[7.635,49.642],[7.553,49.726],[7.449,49.816],[7.348,49.899],[7.275,49.973],[7.19,50.048],[7.124,50.119],[7.076,50.19],[7.039,50.275],[7.031,50.276],[6.942,50.289],[6.855,50.294],[6.789,50.281],[6.66,50.215],[6.557,50.193],[6.454,50.194],[6.367,50.187],[6.272,50.15],[6.169,50.082],[6.049,49.943],[5.942,49.896],[5.813,49.867],[5.657,49.867],[5.514,49.886],[5.424,49.908],[5.347,49.906],[5.265,49.868],[5.191,49.816],[5.091,49.813],[4.986,49.882],[4.924,49.973],[4.872,50.012],[4.715,50.011],[4.37,49.977],[4.231,50.018],[4.187,50.086],[4.182,50.179],[4.222,50.278],[4.321,50.49],[4.367,50.602],[4.397,50.711],[4.411,50.804],[4.421,50.904],[4.41,51.019],[4.385,51.115],[4.354,51.201],[4.323,51.253],[4.211,51.349]]]},"properties":{"slug":"belgica","name":"Belgica","tier":"province","kind":"province","source":"pazout","spanSource":"ohm","basisYear":117,"segmentStart":-22,"segmentEnd":476,"spanStart":-22,"spanEnd":476}},
{"type":"Feature","geometry":{"type":"Polygon","coordinates":[[[12.112,47.525],[12.046,47.472],[12.061,47.237],[12.098,47.038],[12.171,46.869],[12.283,46.79],[12.458,46.738],[12.501,46.743],[12.652,46.762],[12.773,46.823],[12.869,46.822],[13.003,46.779],[13.2,46.762],[13.352,46.77],[13.44,46.825],[13.567,46.804],[13.934,46.624],[14.043,46.616],[14.1,46.625],[14.167,46.563],[14.256,46.544],[14.371,46.48],[14.435,46.425],[14.596,46.4],[14.72,46.377],[14.822,46.352],[14.925,46.285],[14.933,46.181],[14.845,46.041],[15.042,46.096],[15.244,46.033],[15.595,45.951],[15.908,46.123],[16.022,46.259],[16.132,46.371],[16.196,46.509],[16.179,46.718],[16.175,46.88],[16.154,47.047],[16.093,47.266],[16.013,47.479],[15.984,47.613],[16.058,47.938],[16.155,48.126],[16.317,48.195],[16.397,48.27],[16.355,48.336],[16.276,48.357],[16.15,48.337],[16.065,48.348],[15.97,48.342],[15.831,48.382],[15.722,48.391],[15.672,48.391],[15.638,48.409],[15.591,48.407],[15.532,48.386],[15.505,48.413],[15.42,48.37],[15.4,48.34],[15.405,48.31],[15.374,48.276],[15.299,48.244],[15.192,48.221],[14.99,48.206],[14.918,48.241],[14.837,48.218],[14.752,48.185],[14.634,48.198],[14.588,48.229],[14.478,48.258],[14.383,48.279],[14.352,48.325],[14.263,48.336],[14.159,48.337],[14.046,48.343],[14.046,48.405],[13.828,48.477],[13.719,48.539],[13.603,48.585],[13.506,48.598],[13.492,48.518],[13.452,48.422],[13.363,48.359],[13.179,48.322],[13.051,48.302],[12.784,48.293],[12.447,48.238],[12.23,48.062],[12.192,47.966],[12.209,47.853],[12.183,47.759],[12.22,47.625],[12.112,47.525]]]},"properties":{"slug":"noricum","name":"Noricum","tier":"province","kind":"province","source":"pazout","spanSource":"ohm","basisYear":117,"segmentStart":-16,"segmentEnd":476,"spanStart":-16,"spanEnd":476}},
{"type":"Feature","geometry":{"type":"Polygon","coordinates":[[[7.226,45.932],[7.201,45.772],[7.344,45.718],[7.409,45.75],[7.506,45.744],[7.549,45.754],[7.65,45.786],[7.767,45.785],[7.838,45.771],[8.05,45.81],[8.392,45.847],[8.721,45.917],[8.923,46.013],[8.994,46.179],[9.037,46.26],[9.119,46.277],[9.235,46.246],[9.323,46.282],[9.415,46.31],[9.51,46.266],[9.49,46.19],[9.607,46.187],[9.831,46.205],[10.099,46.24],[10.417,46.31],[10.665,46.33],[10.879,46.308],[11.21,46.28],[11.603,46.254],[11.959,46.255],[12.223,46.265],[12.331,46.319],[12.467,46.404],[12.516,46.518],[12.501,46.743],[12.458,46.738],[12.283,46.79],[12.171,46.869],[12.098,47.038],[12.061,47.237],[12.046,47.472],[12.112,47.525],[12.22,47.625],[12.183,47.759],[12.209,47.853],[12.192,47.966],[12.23,48.062],[12.447,48.238],[12.784,48.293],[13.051,48.302],[13.179,48.322],[13.363,48.359],[13.452,48.422],[13.492,48.518],[13.506,48.598],[13.44,48.597],[13.249,48.63],[13.1,48.719],[12.999,48.791],[12.904,48.845],[12.806,48.828],[12.703,48.898],[12.59,48.904],[12.521,48.941],[12.398,48.981],[12.329,48.984],[12.28,49.013],[12.097,49.05],[12.001,49.021],[11.972,48.941],[11.801,48.928],[11.713,48.911],[11.584,48.904],[11.372,48.965],[11.031,49.069],[10.822,49.115],[10.566,49.139],[10.121,48.945],[9.793,48.812],[9.8,48.683],[9.448,48.393],[9.191,48.145],[8.857,47.857],[8.841,47.692],[8.839,47.62],[8.904,47.557],[9.121,47.515],[9.211,47.37],[9.295,47.304],[9.351,47.19],[9.305,47.098],[9.215,46.999],[9.112,46.892],[8.925,46.757],[8.725,46.65],[8.555,46.594],[8.448,46.597],[8.378,46.57],[8.341,46.473],[8.145,46.382],[8.042,46.332],[7.866,46.312],[7.572,46.276],[7.328,46.108],[7.226,45.932]]]},"properties":{"slug":"raetia","name":"Raetia","tier":"province","kind":"province","source":"pazout","spanSource":"ohm","basisYear":117,"segmentStart":-15,"segmentEnd":476,"spanStart":-15,"spanEnd":476}},
{"type":"Feature","geometry":{"type":"Polygon","coordinates":[[[-5.535,38.901],[-5.654,38.837],[-5.752,38.803],[-5.822,38.773],[-5.988,38.727],[-6.168,38.694],[-6.413,38.669],[-6.627,38.673],[-6.777,38.703],[-6.984,38.772],[-7.075,38.735],[-7.135,38.661],[-7.164,38.567],[-7.236,38.442],[-7.324,38.349],[-7.36,38.279],[-7.405,38.167],[-7.449,38.01],[-7.403,37.835],[-7.39,37.702],[-7.405,37.598],[-7.429,37.472],[-7.429,37.364],[-7.382,37.285],[-7.309,37.195],[-7.278,37.201],[-7.144,37.208],[-7.062,37.205],[-7.015,37.199],[-6.837,37.121],[-6.805,37.125],[-6.759,37.105],[-6.665,37.059],[-6.579,37.013],[-6.496,36.958],[-6.451,36.91],[-6.434,36.883],[-6.395,36.805],[-6.354,36.789],[-6.42,36.745],[-6.443,36.736],[-6.44,36.72],[-6.394,36.647],[-6.393,36.633],[-6.359,36.615],[-6.345,36.626],[-6.302,36.618],[-6.257,36.578],[-6.227,36.576],[-6.232,36.504],[-6.179,36.524],[-6.193,36.486],[-6.228,36.463],[-6.253,36.468],[-6.259,36.499],[-6.279,36.528],[-6.291,36.525],[-6.25,36.452],[-6.204,36.403],[-6.208,36.386],[-6.175,36.358],[-6.142,36.295],[-6.114,36.293],[-6.091,36.27],[-6.08,36.244],[-6.036,36.182],[-6.02,36.186],[-5.983,36.177],[-5.946,36.186],[-5.917,36.185],[-5.878,36.161],[-5.851,36.136],[-5.824,36.102],[-5.796,36.078],[-5.784,36.088],[-5.711,36.059],[-5.696,36.067],[-5.651,36.053],[-5.61,36.011],[-5.574,36.015],[-5.517,36.037],[-5.487,36.054],[-5.465,36.05],[-5.43,36.071],[-5.443,36.089],[-5.427,36.12],[-5.444,36.155],[-5.426,36.176],[-5.383,36.179],[-5.359,36.164],[-5.357,36.126],[-5.343,36.113],[-5.335,36.182],[-5.317,36.229],[-5.297,36.246],[-5.278,36.288],[-5.247,36.311],[-5.222,36.373],[-5.182,36.411],[-5.154,36.416],[-5.11,36.433],[-5.084,36.45],[-5.038,36.46],[-5.006,36.46],[-4.935,36.5],[-4.912,36.506],[-4.85,36.506],[-4.741,36.484],[-4.691,36.492],[-4.676,36.503],[-4.639,36.507],[-4.609,36.557],[-4.59,36.571],[-4.543,36.579],[-4.509,36.6],[-4.487,36.633],[-4.454,36.665],[-4.419,36.717],[-4.396,36.722],[-4.327,36.711],[-4.287,36.715],[-4.249,36.71],[-4.178,36.715],[-4.112,36.725],[-4.066,36.749],[-3.997,36.739],[-3.959,36.727],[-3.903,36.744],[-3.834,36.754],[-3.793,36.746],[-3.769,36.73],[-3.735,36.728],[-3.703,36.734],[-3.677,36.73],[-3.661,36.745],[-3.6,36.744],[-3.58,36.724],[-3.552,36.715],[-3.526,36.724],[-3.491,36.703],[-3.419,36.695],[-3.388,36.711],[-3.362,36.716],[-3.338,36.738],[-3.305,36.738],[-3.245,36.755],[-3.156,36.747],[-3.113,36.751],[-3.071,36.746],[-3.023,36.747],[-2.978,36.738],[-2.941,36.751],[-2.915,36.748],[-2.893,36.735],[-2.859,36.699],[-2.814,36.706],[-2.76,36.68],[-2.702,36.683],[-2.647,36.702],[-2.613,36.737],[-2.598,36.777],[-2.579,36.801],[-2.799,36.964],[-3.141,37.036],[-3.302,37.103],[-3.418,37.25],[-3.479,37.418],[-3.509,37.633],[-3.546,37.846],[-3.667,38.04],[-3.81,38.225],[-3.944,38.324],[-4.105,38.371],[-4.31,38.442],[-4.506,38.527],[-4.794,38.654],[-5.015,38.746],[-5.225,38.807],[-5.435,38.853],[-5.535,38.901]]]},"properties":{"slug":"baetica","name":"Baetica","tier":"province","kind":"province","source":"pazout","spanSource":"ohm","basisYear":117,"segmentStart":-14,"segmentEnd":409,"spanStart":-14,"spanEnd":409}},
{"type":"Feature","geometry":{"type":"Polygon","coordinates":[[[34.283,31.253],[34.386,31.231],[34.716,31.179],[34.891,31.15],[35.147,31.128],[35.338,31.137],[35.5,31.191],[35.512,31.226],[35.47,31.314],[35.543,31.395],[35.591,31.464],[35.682,31.544],[35.694,31.679],[35.671,31.795],[35.661,31.953],[35.687,32.145],[35.701,32.302],[35.692,32.482],[35.623,32.652],[35.63,32.731],[35.64,32.768],[35.694,32.87],[35.705,32.95],[35.675,33.026],[35.618,33.065],[35.545,33.073],[35.433,33.003],[35.299,32.899],[35.196,32.82],[35.089,32.748],[34.998,32.696],[34.929,32.675],[34.908,32.561],[34.866,32.404],[34.841,32.3],[34.79,32.14],[34.757,32.058],[34.745,32.038],[34.705,31.936],[34.693,31.921],[34.632,31.801],[34.581,31.715],[34.456,31.549],[34.336,31.424],[34.304,31.399],[34.264,31.355],[34.204,31.313],[34.227,31.277],[34.283,31.253]]]},"properties":{"slug":"iudaea","name":"Iudaea","tier":"province","kind":"province","source":"pazout","spanSource":"ohm","basisYear":117,"segmentStart":6,"segmentEnd":132,"spanStart":6,"spanEnd":132}},
{"type":"Feature","geometry":{"type":"Polygon","coordinates":[[[8.856,44.926],[9.683,44.474],[9.706,44.508],[9.783,44.544],[9.888,44.528],[10.063,44.459],[10.355,44.379],[11.006,44.037],[11.233,44.017],[11.745,43.885],[11.8,43.989],[12.036,44.076],[12.28,44.089],[12.368,44.013],[12.528,44.008],[12.728,43.876],[12.81,43.878],[12.892,43.924],[12.797,43.965],[12.738,43.968],[12.712,43.975],[12.655,44.009],[12.623,44.033],[12.575,44.079],[12.548,44.083],[12.521,44.102],[12.392,44.213],[12.354,44.278],[12.327,44.355],[12.317,44.399],[12.289,44.463],[12.28,44.52],[12.283,44.578],[12.275,44.617],[12.24,44.692],[12.249,44.763],[12.285,44.818],[12.29,44.843],[12.317,44.838],[12.329,44.808],[12.393,44.788],[12.466,44.843],[12.512,44.932],[12.553,44.963],[12.547,44.975],[12.459,45.006],[12.358,45.003],[12.185,45.062],[12.036,45.02],[11.882,45.023],[11.81,44.984],[11.683,44.945],[11.623,44.953],[11.521,44.965],[11.379,45.013],[11.301,45.093],[11.148,45.086],[11.074,45.1],[10.938,45.09],[10.822,45.086],[10.697,45.065],[10.625,44.989],[10.514,44.964],[10.312,45.042],[10.232,45.069],[10.085,45.073],[10.05,45.133],[9.86,45.05],[9.696,45.05],[9.376,45.097],[9.053,45.027],[8.856,44.926]]]},"properties":{"slug":"aemilia","name":"Aemilia (Regio VIII)","tier":"province","kind":"regio","source":"pazout","spanSource":"ohm","basisYear":117,"segmentStart":7,"segmentEnd":292,"spanStart":7,"spanEnd":292}},
{"type":"Feature","geometry":{"type":"Polygon","coordinates":[[[16.822,40.341],[16.872,40.405],[16.902,40.435],[16.956,40.474],[16.991,40.493],[17.072,40.518],[17.113,40.52],[17.163,40.506],[17.182,40.481],[17.219,40.479],[17.242,40.467],[17.251,40.446],[17.225,40.409],[17.311,40.366],[17.375,40.349],[17.393,40.333],[17.425,40.333],[17.458,40.316],[17.495,40.31],[17.509,40.295],[17.681,40.305],[17.739,40.296],[17.86,40.284],[17.904,40.257],[17.909,40.235],[17.927,40.219],[17.92,40.192],[17.964,40.147],[17.987,40.14],[18.012,40.103],[18.005,40.072],[17.99,40.054],[18.018,40.029],[18.018,40.007],[17.995,39.995],[18.046,39.931],[18.077,39.907],[18.118,39.886],[18.148,39.863],[18.208,39.837],[18.262,39.836],[18.328,39.806],[18.335,39.795],[18.369,39.794],[18.39,39.816],[18.385,39.84],[18.4,39.89],[18.39,39.907],[18.403,39.962],[18.435,40.024],[18.475,40.044],[18.485,40.08],[18.52,40.107],[18.514,40.138],[18.492,40.153],[18.458,40.207],[18.465,40.223],[18.423,40.294],[18.385,40.315],[18.351,40.353],[18.316,40.373],[18.307,40.391],[18.275,40.411],[18.246,40.44],[18.201,40.468],[18.127,40.493],[18.079,40.527],[18.037,40.564],[18.045,40.598],[18.017,40.623],[18.016,40.638],[17.986,40.644],[17.93,40.68],[17.838,40.691],[17.744,40.735],[17.707,40.758],[17.606,40.786],[17.503,40.819],[17.47,40.842],[17.421,40.866],[17.388,40.893],[17.351,40.905],[17.337,40.925],[17.279,40.972],[17.237,40.993],[17.202,41.003],[17.176,41.029],[17.138,41.039],[17.047,41.08],[16.964,41.097],[16.893,41.118],[16.845,41.14],[16.793,41.148],[16.78,41.159],[16.714,41.173],[16.674,41.19],[16.626,41.194],[16.533,41.238],[16.454,41.26],[16.417,41.282],[16.359,41.305],[16.241,41.338],[16.206,41.359],[16.171,41.369],[15.983,41.444],[15.956,41.462],[15.926,41.493],[15.904,41.535],[15.894,41.584],[15.904,41.618],[15.944,41.643],[16.035,41.677],[16.061,41.692],[16.122,41.739],[16.144,41.743],[16.167,41.766],[16.189,41.775],[16.195,41.822],[16.177,41.855],[16.177,41.885],[16.15,41.91],[16.119,41.916],[16.107,41.93],[16.053,41.947],[16.012,41.95],[15.93,41.934],[15.769,41.918],[15.678,41.915],[15.637,41.928],[15.44,41.902],[15.363,41.903],[15.338,41.917],[15.168,41.922],[15.106,41.933],[15.077,41.944],[15.035,41.975],[15.034,41.974],[14.955,41.967],[14.902,41.935],[14.916,41.886],[14.94,41.832],[14.968,41.795],[14.977,41.712],[14.941,41.649],[14.665,41.399],[14.589,41.355],[14.547,41.318],[14.523,41.235],[14.523,41.13],[14.57,41.072],[14.676,41.021],[14.777,40.981],[14.922,40.867],[15.064,40.735],[15.111,40.677],[15.217,40.719],[15.401,40.728],[15.595,40.748],[15.694,40.766],[15.77,40.824],[15.88,40.886],[15.979,40.921],[16.066,40.904],[16.13,40.857],[16.192,40.731],[16.233,40.705],[16.312,40.667],[16.351,40.666],[16.429,40.631],[16.507,40.576],[16.547,40.519],[16.58,40.488],[16.652,40.459],[16.713,40.418],[16.822,40.341]]]},"properties":{"slug":"apulia-et-calabria","name":"Apulia et Calabria (Regio II)","tier":"province","kind":"regio","source":"pazout","spanSource":"ohm","basisYear":117,"segmentStart":7,"segmentEnd":292,"spanStart":7,"spanEnd":292}},
{"type":"Feature","geometry":{"type":"Polygon","coordinates":[[[14.998,40.393],[14.999,40.361],[14.97,40.341],[14.946,40.337],[14.938,40.319],[14.943,40.275],[14.91,40.257],[14.925,40.232],[14.951,40.233],[14.992,40.218],[15.026,40.178],[15.066,40.165],[15.118,40.177],[15.142,40.164],[15.18,40.125],[15.203,40.124],[15.242,40.09],[15.264,40.082],[15.286,40.035],[15.311,40.032],[15.342,40.005],[15.419,39.991],[15.46,40.034],[15.483,40.038],[15.514,40.069],[15.572,40.078],[15.632,40.067],[15.645,40.042],[15.665,40.039],[15.675,40.016],[15.721,39.977],[15.78,39.892],[15.792,39.856],[15.769,39.836],[15.785,39.817],[15.805,39.743],[15.816,39.679],[15.83,39.67],[15.882,39.544],[15.925,39.527],[15.959,39.479],[15.999,39.436],[16.04,39.336],[16.053,39.291],[16.067,39.133],[16.083,39.093],[16.102,39.025],[16.137,38.989],[16.154,38.954],[16.219,38.918],[16.221,38.86],[16.213,38.811],[16.183,38.747],[16.134,38.717],[16.107,38.712],[16.042,38.727],[15.983,38.722],[15.948,38.691],[15.924,38.687],[15.848,38.659],[15.827,38.619],[15.845,38.613],[15.93,38.549],[15.929,38.53],[15.91,38.476],[15.875,38.42],[15.857,38.379],[15.836,38.364],[15.83,38.325],[15.818,38.302],[15.794,38.28],[15.75,38.257],[15.681,38.247],[15.635,38.231],[15.635,38.185],[15.655,38.151],[15.647,38.113],[15.631,38.102],[15.635,38.075],[15.652,38.066],[15.657,38.039],[15.635,38.02],[15.646,37.992],[15.678,37.954],[15.711,37.936],[15.764,37.916],[15.827,37.918],[15.918,37.93],[15.998,37.916],[16.064,37.925],[16.107,37.967],[16.144,38.031],[16.163,38.133],[16.331,38.298],[16.437,38.328],[16.499,38.361],[16.571,38.427],[16.583,38.458],[16.572,38.537],[16.571,38.591],[16.561,38.621],[16.553,38.692],[16.536,38.705],[16.56,38.743],[16.572,38.773],[16.605,38.811],[16.725,38.872],[16.818,38.91],[16.892,38.929],[16.962,38.939],[16.998,38.929],[17.011,38.912],[17.048,38.919],[17.082,38.913],[17.096,38.899],[17.153,38.946],[17.164,38.995],[17.193,39.023],[17.147,39.046],[17.11,39.099],[17.111,39.128],[17.149,39.204],[17.111,39.246],[17.105,39.266],[17.112,39.319],[17.136,39.375],[17.155,39.396],[17.115,39.407],[17.051,39.44],[17.027,39.48],[16.963,39.495],[16.867,39.539],[16.827,39.568],[16.818,39.588],[16.773,39.62],[16.728,39.617],[16.688,39.622],[16.64,39.62],[16.596,39.628],[16.543,39.655],[16.528,39.668],[16.53,39.724],[16.499,39.743],[16.488,39.791],[16.501,39.824],[16.539,39.872],[16.605,39.93],[16.63,39.965],[16.619,39.976],[16.599,40.042],[16.606,40.079],[16.635,40.11],[16.687,40.148],[16.733,40.205],[16.75,40.246],[16.786,40.301],[16.822,40.341],[16.713,40.418],[16.652,40.459],[16.58,40.488],[16.547,40.519],[16.507,40.576],[16.429,40.631],[16.351,40.666],[16.312,40.667],[16.233,40.705],[16.192,40.731],[16.13,40.857],[16.066,40.904],[15.979,40.921],[15.88,40.886],[15.77,40.824],[15.694,40.766],[15.595,40.748],[15.401,40.728],[15.217,40.719],[15.111,40.677],[15.081,40.643],[15.085,40.572],[14.996,40.488],[15.047,40.421],[14.998,40.393]]]},"properties":{"slug":"bruttium-et-lucania","name":"Bruttium et Lucania (Regio III)","tier":"province","kind":"regio","source":"pazout","spanSource":"ohm","basisYear":117,"segmentStart":7,"segmentEnd":292,"spanStart":7,"spanEnd":292}},
{"type":"Feature","geometry":{"type":"Polygon","coordinates":[[[9.861,44.096],[9.909,44.08],[9.909,44.07],[9.965,44.037],[9.994,44.051],[10.066,44.027],[10.115,43.997],[10.185,43.939],[10.24,43.868],[10.24,43.853],[10.262,43.805],[10.278,43.736],[10.283,43.652],[10.297,43.536],[10.319,43.511],[10.33,43.474],[10.373,43.453],[10.42,43.403],[10.456,43.34],[10.463,43.318],[10.504,43.288],[10.521,43.252],[10.536,43.19],[10.54,43.131],[10.53,43.048],[10.512,42.993],[10.483,42.988],[10.486,42.957],[10.499,42.936],[10.522,42.922],[10.565,42.952],[10.662,42.952],[10.695,42.946],[10.765,42.915],[10.785,42.894],[10.769,42.868],[10.776,42.846],[10.765,42.817],[10.742,42.799],[10.785,42.775],[10.852,42.768],[10.906,42.755],[10.953,42.736],[10.979,42.717],[11.015,42.656],[11.085,42.627],[11.116,42.566],[11.153,42.564],[11.189,42.52],[11.191,42.492],[11.182,42.46],[11.157,42.434],[11.122,42.435],[11.105,42.448],[11.088,42.42],[11.1,42.394],[11.151,42.37],[11.177,42.368],[11.208,42.391],[11.214,42.411],[11.267,42.419],[11.3,42.408],[11.383,42.395],[11.453,42.377],[11.513,42.356],[11.586,42.323],[11.636,42.292],[11.695,42.235],[11.721,42.187],[11.739,42.172],[11.736,42.155],[11.769,42.108],[11.808,42.077],[11.835,42.029],[11.915,42.039],[11.98,41.997],[12.027,41.981],[12.049,41.957],[12.14,41.917],[12.428,42.03],[12.574,42.265],[12.478,42.38],[12.331,42.507],[12.289,42.671],[12.334,42.736],[12.41,42.779],[12.405,42.89],[12.469,43.114],[12.027,43.473],[11.745,43.885],[11.233,44.017],[11.006,44.037],[10.355,44.379],[10.063,44.459],[9.888,44.528],[9.783,44.544],[9.706,44.508],[9.683,44.474],[9.767,44.387],[9.756,44.277],[9.861,44.111],[9.861,44.098],[9.863,44.096],[9.861,44.096]]]},"properties":{"slug":"etruria","name":"Etruria (Regio VII)","tier":"province","kind":"regio","source":"pazout","spanSource":"ohm","basisYear":117,"segmentStart":7,"segmentEnd":292,"spanStart":7,"spanEnd":292}},
{"type":"Feature","geometry":{"type":"Polygon","coordinates":[[[14.998,40.393],[15.047,40.421],[14.996,40.488],[15.084,40.572],[15.081,40.642],[15.111,40.677],[15.064,40.735],[14.922,40.867],[14.771,40.984],[14.676,41.021],[14.57,41.072],[14.523,41.13],[14.523,41.235],[14.547,41.318],[14.309,41.405],[14.081,41.812],[13.271,42.139],[12.959,42.329],[12.574,42.265],[12.427,42.03],[12.14,41.917],[12.18,41.87],[12.206,41.827],[12.225,41.782],[12.225,41.744],[12.307,41.718],[12.389,41.675],[12.458,41.623],[12.533,41.554],[12.577,41.506],[12.616,41.455],[12.667,41.457],[12.702,41.447],[12.75,41.417],[12.852,41.412],[12.893,41.396],[12.948,41.364],[13,41.312],[13.028,41.268],[13.046,41.227],[13.089,41.224],[13.118,41.249],[13.175,41.276],[13.219,41.284],[13.253,41.282],[13.268,41.295],[13.312,41.295],[13.37,41.283],[13.411,41.268],[13.511,41.222],[13.578,41.205],[13.574,41.241],[13.621,41.261],[13.649,41.258],[13.683,41.244],[13.706,41.254],[13.778,41.213],[13.82,41.179],[13.889,41.098],[13.922,41.028],[13.997,40.955],[14.025,40.913],[14.045,40.862],[14.048,40.789],[14.081,40.792],[14.077,40.825],[14.108,40.831],[14.119,40.82],[14.161,40.816],[14.186,40.792],[14.232,40.832],[14.264,40.845],[14.305,40.832],[14.335,40.806],[14.414,40.752],[14.456,40.748],[14.477,40.716],[14.474,40.691],[14.448,40.688],[14.407,40.644],[14.377,40.629],[14.353,40.634],[14.321,40.587],[14.337,40.577],[14.408,40.6],[14.424,40.612],[14.495,40.627],[14.52,40.615],[14.569,40.616],[14.638,40.65],[14.69,40.633],[14.719,40.667],[14.758,40.678],[14.811,40.65],[14.872,40.593],[14.902,40.554],[14.937,40.491],[14.986,40.42],[14.998,40.393]]]},"properties":{"slug":"latium-et-campania","name":"Latium et Campania (Regio I)","tier":"province","kind":"regio","source":"pazout","spanSource":"ohm","basisYear":117,"segmentStart":7,"segmentEnd":292,"spanStart":7,"spanEnd":292}},
{"type":"Feature","geometry":{"type":"Polygon","coordinates":[[[7.531,45.008],[7.467,44.92],[7.423,44.85],[7.425,44.648],[7.491,44.379],[7.581,44.305],[7.646,44.2],[7.631,44.072],[7.537,43.981],[7.472,43.753],[7.515,43.783],[7.575,43.793],[7.673,43.777],[7.7,43.799],[7.736,43.795],[7.785,43.819],[7.842,43.826],[7.869,43.835],[7.907,43.837],[7.965,43.852],[8.041,43.887],[8.068,43.889],[8.09,43.914],[8.128,43.926],[8.149,43.95],[8.17,43.953],[8.16,43.984],[8.171,44.003],[8.224,44.042],[8.227,44.081],[8.271,44.14],[8.292,44.152],[8.336,44.162],[8.372,44.178],[8.405,44.181],[8.416,44.221],[8.456,44.258],[8.442,44.277],[8.456,44.292],[8.492,44.306],[8.506,44.327],[8.542,44.336],[8.625,44.372],[8.639,44.386],[8.687,44.398],[8.693,44.408],[8.742,44.427],[8.776,44.42],[8.836,44.424],[8.871,44.405],[9.096,44.372],[9.142,44.36],[9.155,44.347],[9.147,44.323],[9.208,44.301],[9.215,44.335],[9.241,44.343],[9.352,44.303],[9.39,44.281],[9.403,44.252],[9.432,44.254],[9.444,44.238],[9.494,44.236],[9.529,44.207],[9.552,44.205],[9.567,44.184],[9.61,44.166],[9.633,44.134],[9.657,44.146],[9.718,44.118],[9.761,44.083],[9.813,44.062],[9.847,44.061],[9.82,44.094],[9.836,44.11],[9.848,44.11],[9.854,44.107],[9.858,44.102],[9.858,44.099],[9.861,44.098],[9.861,44.111],[9.756,44.277],[9.767,44.387],[9.683,44.474],[8.856,44.926],[8.606,44.957],[8.328,44.91],[8.086,44.903],[7.943,44.961],[7.531,45.008]]]},"properties":{"slug":"liguria","name":"Liguria (Regio IX)","tier":"province","kind":"regio","source":"pazout","spanSource":"ohm","basisYear":117,"segmentStart":7,"segmentEnd":292,"spanStart":7,"spanEnd":292}},
{"type":"Feature","geometry":{"type":"Polygon","coordinates":[[[13.815,42.354],[14.087,42.422],[14.282,42.427],[14.207,42.478],[14.11,42.562],[14.057,42.625],[13.996,42.709],[13.947,42.799],[13.93,42.847],[13.92,42.892],[13.882,42.963],[13.851,43.059],[13.845,43.097],[13.803,43.174],[13.778,43.236],[13.735,43.311],[13.707,43.342],[13.666,43.433],[13.626,43.498],[13.626,43.55],[13.573,43.571],[13.565,43.589],[13.529,43.621],[13.5,43.621],[13.481,43.607],[13.437,43.615],[13.298,43.673],[13.142,43.608],[13.06,43.519],[13.126,43.271],[13.195,43.167],[13.282,43.086],[13.332,43.087],[13.398,43.037],[13.472,42.523],[13.527,42.428],[13.675,42.363],[13.815,42.354]]]},"properties":{"slug":"picenum","name":"Picenum (Regio V)","tier":"province","kind":"regio","source":"pazout","spanSource":"ohm","basisYear":117,"segmentStart":7,"segmentEnd":292,"spanStart":7,"spanEnd":292}},
{"type":"Feature","geometry":{"type":"Polygon","coordinates":[[[14.547,41.318],[14.589,41.355],[14.665,41.399],[14.941,41.649],[14.977,41.712],[14.968,41.795],[14.94,41.832],[14.916,41.886],[14.902,41.935],[14.955,41.967],[15.034,41.974],[15.004,41.991],[14.999,42.005],[14.891,42.024],[14.819,42.05],[14.754,42.079],[14.719,42.104],[14.723,42.126],[14.71,42.172],[14.623,42.198],[14.564,42.223],[14.508,42.253],[14.503,42.27],[14.439,42.314],[14.394,42.371],[14.328,42.401],[14.283,42.427],[14.087,42.422],[13.815,42.354],[13.675,42.363],[13.527,42.428],[13.472,42.523],[13.398,43.037],[13.332,43.087],[13.282,43.086],[13.233,43.084],[13.164,43.029],[12.914,42.658],[12.748,42.516],[12.478,42.38],[12.574,42.265],[12.959,42.329],[13.271,42.139],[14.081,41.812],[14.309,41.405],[14.547,41.318]]]},"properties":{"slug":"samnium","name":"Samnium (Regio IV)","tier":"province","kind":"regio","source":"pazout","spanSource":"ohm","basisYear":117,"segmentStart":7,"segmentEnd":292,"spanStart":7,"spanEnd":292}},
{"type":"Feature","geometry":{"type":"Polygon","coordinates":[[[10.05,45.133],[10.022,45.128],[9.951,45.171],[9.819,45.168],[9.769,45.195],[9.684,45.29],[9.536,45.339],[9.488,45.419],[9.551,45.647],[9.499,45.702],[9.396,46.041],[9.421,46.125],[9.49,46.19],[9.51,46.266],[9.415,46.31],[9.323,46.282],[9.235,46.246],[9.119,46.277],[9.037,46.26],[8.994,46.179],[8.923,46.013],[8.721,45.917],[8.392,45.847],[8.05,45.81],[7.838,45.771],[7.767,45.785],[7.65,45.786],[7.549,45.754],[7.506,45.744],[7.409,45.75],[7.344,45.718],[7.201,45.772],[7.174,45.604],[7.289,45.344],[7.328,45.229],[7.509,45.101],[7.531,45.008],[7.943,44.961],[8.086,44.903],[8.328,44.91],[8.606,44.957],[8.856,44.926],[9.053,45.027],[9.376,45.097],[9.696,45.05],[9.86,45.05],[10.05,45.133]]]},"properties":{"slug":"transpadana","name":"Transpadana (Regio XI)","tier":"province","kind":"regio","source":"pazout","spanSource":"ohm","basisYear":117,"segmentStart":7,"segmentEnd":292,"spanStart":7,"spanEnd":292}},
{"type":"Feature","geometry":{"type":"Polygon","coordinates":[[[12.478,42.38],[12.748,42.516],[12.914,42.658],[13.164,43.029],[13.233,43.084],[13.282,43.086],[13.195,43.167],[13.126,43.271],[13.06,43.519],[13.142,43.608],[13.298,43.673],[13.135,43.773],[13.068,43.822],[12.986,43.866],[12.907,43.923],[12.892,43.924],[12.81,43.878],[12.728,43.876],[12.528,44.008],[12.368,44.013],[12.28,44.089],[12.036,44.076],[11.8,43.989],[11.745,43.885],[12.027,43.473],[12.469,43.114],[12.405,42.89],[12.41,42.779],[12.334,42.736],[12.289,42.671],[12.331,42.507],[12.478,42.38]]]},"properties":{"slug":"umbria","name":"Umbria (Regio VI)","tier":"province","kind":"regio","source":"pazout","spanSource":"ohm","basisYear":117,"segmentStart":7,"segmentEnd":292,"spanStart":7,"spanEnd":292}},
{"type":"Feature","geometry":{"type":"Polygon","coordinates":[[[9.49,46.19],[9.421,46.125],[9.396,46.041],[9.499,45.702],[9.551,45.647],[9.488,45.419],[9.536,45.339],[9.684,45.29],[9.769,45.195],[9.819,45.168],[9.951,45.171],[10.022,45.128],[10.05,45.133],[10.085,45.073],[10.232,45.069],[10.312,45.042],[10.514,44.964],[10.625,44.989],[10.697,45.065],[10.822,45.086],[10.938,45.09],[11.074,45.1],[11.148,45.086],[11.301,45.093],[11.379,45.013],[11.521,44.965],[11.623,44.953],[11.683,44.945],[11.81,44.984],[11.882,45.023],[12.036,45.02],[12.185,45.062],[12.358,45.003],[12.459,45.006],[12.386,45.052],[12.336,45.098],[12.327,45.131],[12.332,45.165],[12.309,45.189],[12.297,45.244],[12.274,45.231],[12.239,45.232],[12.223,45.258],[12.244,45.279],[12.272,45.345],[12.264,45.388],[12.286,45.445],[12.388,45.504],[12.424,45.53],[12.489,45.544],[12.522,45.545],[12.538,45.533],[12.491,45.517],[12.457,45.487],[12.413,45.427],[12.479,45.449],[12.585,45.479],[12.667,45.511],[12.751,45.549],[12.865,45.587],[12.908,45.613],[13.008,45.628],[13.1,45.637],[13.111,45.664],[13.153,45.695],[13.187,45.711],[13.241,45.714],[13.284,45.705],[13.328,45.686],[13.386,45.675],[13.428,45.676],[13.531,45.724],[13.521,45.762],[13.548,45.793],[13.562,45.778],[13.626,45.769],[13.677,45.737],[13.752,45.681],[13.769,45.653],[13.748,45.645],[13.797,45.604],[13.733,45.61],[13.712,45.585],[13.742,45.573],[13.72,45.543],[13.692,45.548],[13.644,45.532],[13.617,45.54],[13.6,45.525],[13.581,45.479],[13.506,45.505],[13.491,45.486],[13.509,45.475],[13.524,45.437],[13.515,45.416],[13.545,45.378],[13.541,45.328],[13.581,45.298],[13.579,45.269],[13.595,45.237],[13.581,45.196],[13.603,45.181],[13.61,45.159],[13.603,45.132],[13.612,45.108],[13.64,45.097],[13.636,45.069],[13.689,45.049],[13.69,45.024],[13.712,45.016],[13.737,44.991],[13.765,44.979],[13.811,44.906],[13.804,44.885],[13.848,44.873],[13.822,44.859],[13.848,44.823],[13.866,44.809],[13.915,44.829],[13.948,44.804],[14.002,44.803],[13.978,44.84],[13.995,44.881],[14.039,44.918],[14.045,44.945],[14.107,44.971],[14.15,44.959],[14.172,44.986],[14.154,45.049],[14.21,45.118],[14.178,45.197],[14.215,45.3],[14.295,45.378],[14.411,45.505],[14.525,45.608],[14.677,45.793],[14.746,45.909],[14.845,46.041],[14.933,46.181],[14.925,46.285],[14.822,46.352],[14.72,46.377],[14.596,46.4],[14.435,46.425],[14.371,46.48],[14.256,46.544],[14.167,46.563],[14.1,46.625],[14.043,46.616],[13.934,46.624],[13.567,46.804],[13.44,46.825],[13.352,46.77],[13.2,46.762],[13.003,46.779],[12.869,46.822],[12.773,46.823],[12.652,46.762],[12.501,46.743],[12.516,46.518],[12.467,46.404],[12.331,46.319],[12.223,46.265],[11.959,46.255],[11.603,46.254],[11.21,46.28],[10.879,46.308],[10.665,46.33],[10.417,46.31],[10.099,46.24],[9.831,46.205],[9.607,46.187],[9.49,46.19]]]},"properties":{"slug":"venetia-et-histria","name":"Venetia et Histria (Regio X)","tier":"province","kind":"regio","source":"pazout","spanSource":"ohm","basisYear":117,"segmentStart":7,"segmentEnd":292,"spanStart":7,"spanEnd":292}},
{"type":"Feature","geometry":{"type":"MultiPolygon","coordinates":[[[[14.505,44.641],[14.513,44.662],[14.478,44.694],[14.464,44.726],[14.479,44.746],[14.449,44.786],[14.47,44.807],[14.446,44.874],[14.461,44.913],[14.458,44.929],[14.482,44.963],[14.469,44.983],[14.425,44.984],[14.392,45.025],[14.36,45.089],[14.356,45.13],[14.372,45.144],[14.35,45.169],[14.317,45.175],[14.28,45.133],[14.277,45.104],[14.314,45.063],[14.355,45.046],[14.366,44.993],[14.389,44.955],[14.399,44.906],[14.346,44.914],[14.315,44.953],[14.301,44.934],[14.311,44.899],[14.334,44.857],[14.331,44.829],[14.37,44.802],[14.367,44.782],[14.411,44.668],[14.428,44.664],[14.452,44.631],[14.475,44.614],[14.518,44.608],[14.543,44.628],[14.505,44.641]]],[[[15.656,43.764],[15.643,43.799],[15.606,43.814],[15.573,43.818],[15.623,43.777],[15.656,43.764]]],[[[19.58,41.723],[20.595,41.993],[20.624,42.011],[20.637,42.031],[20.607,42.071],[20.537,42.136],[20.459,42.275],[20.33,42.385],[20.204,42.654],[20.273,42.767],[20.35,42.86],[20.425,43.129],[20.267,43.254],[20.271,43.561],[20.263,43.665],[20.229,43.853],[20.256,44.078],[20.254,44.3],[20.266,44.493],[20.338,44.655],[20.407,44.749],[20.336,44.746],[20.264,44.735],[20.215,44.689],[20.132,44.673],[20.075,44.643],[19.86,44.597],[19.609,44.559],[18.843,44.543],[18.498,44.57],[18.123,44.622],[17.784,44.652],[17.61,44.669],[17.397,44.696],[17.037,44.723],[16.088,44.93],[15.613,45.061],[15.36,45.139],[15.157,45.209],[14.774,45.352],[14.411,45.505],[14.295,45.378],[14.215,45.3],[14.178,45.197],[14.21,45.118],[14.245,45.185],[14.245,45.213],[14.273,45.272],[14.277,45.297],[14.304,45.333],[14.332,45.352],[14.466,45.318],[14.497,45.296],[14.553,45.278],[14.563,45.267],[14.739,45.139],[14.838,45.111],[14.885,45.025],[14.93,44.953],[14.896,44.879],[14.879,44.796],[14.899,44.739],[14.889,44.716],[14.898,44.695],[14.959,44.633],[14.989,44.575],[15.042,44.552],[15.093,44.517],[15.148,44.464],[15.217,44.424],[15.279,44.365],[15.339,44.338],[15.396,44.322],[15.422,44.309],[15.478,44.268],[15.526,44.269],[15.538,44.248],[15.528,44.227],[15.59,44.201],[15.593,44.18],[15.548,44.191],[15.525,44.176],[15.471,44.209],[15.508,44.214],[15.525,44.227],[15.518,44.246],[15.441,44.263],[15.416,44.254],[15.344,44.285],[15.311,44.312],[15.272,44.329],[15.259,44.324],[15.304,44.29],[15.282,44.279],[15.299,44.257],[15.29,44.245],[15.216,44.284],[15.214,44.258],[15.181,44.24],[15.141,44.28],[15.113,44.263],[15.156,44.232],[15.156,44.189],[15.211,44.145],[15.21,44.131],[15.238,44.102],[15.277,44.084],[15.288,44.057],[15.308,44.038],[15.342,44.031],[15.41,43.966],[15.44,43.952],[15.439,43.939],[15.467,43.916],[15.489,43.914],[15.535,43.89],[15.534,43.881],[15.605,43.845],[15.625,43.844],[15.654,43.826],[15.63,43.806],[15.66,43.8],[15.699,43.769],[15.758,43.752],[15.778,43.759],[15.846,43.724],[15.883,43.694],[15.894,43.7],[15.945,43.654],[15.917,43.62],[15.932,43.564],[15.924,43.556],[15.981,43.531],[15.986,43.501],[16.069,43.483],[16.092,43.473],[16.172,43.486],[16.194,43.509],[16.243,43.515],[16.349,43.551],[16.437,43.544],[16.426,43.516],[16.456,43.5],[16.52,43.5],[16.582,43.464],[16.629,43.446],[16.703,43.434],[16.725,43.413],[16.791,43.404],[16.886,43.401],[16.938,43.362],[17.011,43.293],[17.059,43.263],[17.077,43.234],[17.105,43.228],[17.112,43.208],[17.154,43.192],[17.168,43.177],[17.2,43.17],[17.284,43.136],[17.302,43.122],[17.336,43.112],[17.383,43.062],[17.431,43.028],[17.461,43.023],[17.472,42.99],[17.512,42.956],[17.537,42.941],[17.576,42.943],[17.608,42.929],[17.599,42.912],[17.636,42.901],[17.671,42.876],[17.649,42.871],[17.609,42.896],[17.522,42.923],[17.49,42.91],[17.448,42.93],[17.44,42.953],[17.295,43.004],[17.167,43.025],[17.084,43.019],[17.047,43.035],[17.028,43.029],[17.017,43.005],[17.069,42.984],[17.13,42.976],[17.186,42.975],[17.216,42.982],[17.266,42.952],[17.341,42.929],[17.365,42.913],[17.419,42.911],[17.455,42.892],[17.435,42.873],[17.509,42.85],[17.592,42.833],[17.631,42.818],[17.669,42.812],[17.727,42.792],[17.752,42.81],[17.781,42.787],[17.798,42.801],[17.84,42.805],[17.847,42.788],[17.907,42.745],[17.953,42.728],[17.968,42.712],[18.056,42.678],[18.062,42.653],[18.078,42.645],[18.124,42.64],[18.181,42.615],[18.206,42.622],[18.229,42.604],[18.222,42.575],[18.246,42.551],[18.292,42.524],[18.322,42.513],[18.425,42.46],[18.463,42.444],[18.509,42.408],[18.527,42.428],[18.504,42.449],[18.562,42.454],[18.597,42.433],[18.632,42.441],[18.669,42.458],[18.687,42.479],[18.652,42.495],[18.684,42.515],[18.701,42.485],[18.766,42.485],[18.762,42.442],[18.734,42.466],[18.69,42.478],[18.687,42.44],[18.713,42.416],[18.691,42.403],[18.649,42.41],[18.575,42.432],[18.547,42.421],[18.593,42.375],[18.62,42.366],[18.652,42.369],[18.684,42.381],[18.706,42.354],[18.711,42.321],[18.779,42.267],[18.813,42.284],[18.879,42.281],[18.888,42.274],[18.906,42.221],[18.967,42.192],[18.967,42.174],[19.001,42.16],[19.011,42.134],[19.06,42.134],[19.086,42.11],[19.083,42.079],[19.141,42.045],[19.145,41.998],[19.139,41.975],[19.15,41.95],[19.185,41.929],[19.305,41.888],[19.378,41.846],[19.417,41.862],[19.448,41.859],[19.515,41.842],[19.566,41.817],[19.597,41.808],[19.608,41.76],[19.576,41.752],[19.58,41.723]]],[[[16.263,43.517],[16.256,43.492],[16.34,43.482],[16.353,43.493],[16.313,43.511],[16.263,43.517]]]]},"properties":{"slug":"dalmatia","name":"Dalmatia","tier":"province","kind":"province","source":"pazout","spanSource":"ohm","basisYear":117,"segmentStart":8,"segmentEnd":480,"spanStart":8,"spanEnd":480}},
{"type":"Feature","geometry":{"type":"Polygon","coordinates":[[[5.493,33.547],[5.434,33.687],[5.318,33.855],[5.257,34.085],[5.239,34.321],[5.262,34.606],[5.301,34.858],[5.317,34.991],[5.394,35.111],[5.564,35.296],[5.786,35.487],[6.016,35.664],[6.19,35.825],[6.317,35.966],[6.402,36.14],[6.449,36.318],[6.421,36.454],[6.314,36.576],[6.111,36.747],[6.031,36.85],[5.997,36.84],[5.876,36.817],[5.791,36.808],[5.742,36.829],[5.709,36.821],[5.678,36.799],[5.621,36.777],[5.597,36.778],[5.557,36.746],[5.541,36.704],[5.476,36.668],[5.369,36.644],[5.287,36.638],[5.241,36.642],[5.179,36.662],[5.133,36.681],[5.085,36.707],[5.079,36.746],[5.102,36.758],[5.091,36.777],[5.048,36.782],[5.015,36.796],[4.99,36.816],[4.969,36.815],[4.938,36.83],[4.923,36.85],[4.887,36.85],[4.836,36.871],[4.807,36.875],[4.789,36.891],[4.759,36.896],[4.733,36.883],[4.57,36.883],[4.506,36.887],[4.478,36.901],[4.423,36.91],[4.405,36.891],[4.352,36.893],[4.297,36.908],[4.238,36.903],[4.212,36.892],[4.153,36.908],[4.137,36.894],[4.108,36.89],[4.072,36.898],[4.012,36.903],[3.966,36.897],[3.922,36.906],[3.895,36.924],[3.871,36.914],[3.736,36.887],[3.689,36.847],[3.639,36.824],[3.565,36.804],[3.556,36.794],[3.487,36.768],[3.414,36.771],[3.315,36.788],[3.232,36.815],[3.236,36.791],[3.218,36.764],[3.164,36.743],[3.118,36.743],[3.062,36.763],[3.066,36.786],[3.041,36.808],[3.013,36.82],[2.902,36.806],[2.882,36.771],[2.852,36.759],[2.839,36.732],[2.8,36.696],[2.748,36.676],[2.675,36.64],[2.647,36.619],[2.555,36.592],[2.478,36.592],[2.425,36.596],[2.409,36.605],[2.403,36.634],[2.355,36.642],[2.306,36.637],[2.255,36.62],[2.208,36.611],[2.14,36.59],[2.038,36.57],[1.992,36.566],[1.922,36.576],[1.885,36.569],[1.85,36.57],[1.781,36.557],[1.758,36.562],[1.709,36.553],[1.654,36.555],[1.606,36.537],[1.579,36.534],[1.523,36.541],[1.511,36.529],[1.473,36.532],[1.463,36.541],[1.397,36.537],[1.386,36.552],[1.343,36.552],[1.314,36.517],[1.283,36.507],[1.225,36.506],[1.186,36.515],[1.137,36.493],[1.083,36.494],[0.998,36.461],[0.935,36.446],[0.923,36.417],[0.9,36.389],[0.837,36.363],[0.805,36.366],[0.775,36.342],[0.75,36.334],[0.658,36.33],[0.634,36.309],[0.593,36.285],[0.558,36.276],[0.493,36.246],[0.451,36.221],[0.407,36.209],[0.383,36.211],[0.347,36.196],[0.322,36.158],[0.288,36.135],[0.235,36.123],[0.211,36.111],[0.185,36.081],[0.135,36.041],[0.113,35.994],[0.1,35.98],[0.072,35.925],[0.058,35.923],[0.047,35.892],[0.017,35.848],[-0.096,35.792],[-0.126,35.789],[-0.167,35.8],[-0.222,35.805],[-0.276,35.82],[-0.303,35.839],[-0.292,35.872],[-0.349,35.906],[-0.387,35.903],[-0.421,35.88],[-0.449,35.877],[-0.471,35.886],[-0.5,35.795],[-0.535,35.766],[-0.56,35.771],[-0.595,35.731],[-0.634,35.71],[-0.681,35.713],[-0.73,35.737],[-0.759,35.744],[-0.795,35.764],[-0.826,35.758],[-0.86,35.717],[-0.907,35.709],[-0.937,35.728],[-0.957,35.716],[-0.992,35.679],[-1.02,35.681],[-1.051,35.663],[-1.059,35.64],[-1.097,35.626],[-1.127,35.606],[-1.16,35.573],[-1.182,35.582],[-1.215,35.516],[-1.237,35.441],[-1.275,35.365],[-1.295,35.351],[-1.334,35.346],[-1.355,35.32],[-1.415,35.3],[-1.461,35.307],[-1.518,35.274],[-1.555,35.269],[-1.575,35.242],[-1.636,35.212],[-1.66,35.176],[-1.702,35.177],[-1.732,35.145],[-1.776,35.119],[-1.809,35.128],[-1.835,35.11],[-1.907,35.084],[-1.952,35.074],[-2.072,35.071],[-2.111,35.082],[-2.158,35.101],[-2.204,35.084],[-2.257,35.096],[-2.296,35.113],[-2.353,35.125],[-2.457,34.985],[-2.519,34.951],[-2.561,34.935],[-2.624,34.886],[-2.657,34.867],[-2.69,34.836],[-2.756,34.755],[-2.807,34.723],[-2.893,34.688],[-2.957,34.611],[-2.947,34.582],[-2.981,34.52],[-3.026,34.46],[-3.064,34.444],[-3.107,34.387],[-3.151,34.37],[-3.207,34.329],[-3.258,34.26],[-3.263,34.219],[-3.299,34.195],[-3.33,34.142],[-3.332,34.115],[-3.379,34.071],[-3.372,34.01],[-3.38,33.962],[-3.42,33.912],[-3.477,33.858],[-2.24,33.971],[-0.687,33.929],[0.373,33.965],[1.858,33.939],[2.961,33.889],[4.239,33.798],[5.187,33.647],[5.493,33.547]]]},"properties":{"slug":"mauretania-caesariensis","name":"Mauretania Caesariensis","tier":"province","kind":"province","source":"pazout","spanSource":"ohm","basisYear":117,"segmentStart":42,"segmentEnd":585,"spanStart":42,"spanEnd":585}},
{"type":"Feature","geometry":{"type":"Polygon","coordinates":[[[-3.477,33.858],[-3.42,33.912],[-3.38,33.962],[-3.372,34.01],[-3.379,34.071],[-3.332,34.115],[-3.33,34.142],[-3.299,34.195],[-3.263,34.219],[-3.258,34.26],[-3.207,34.329],[-3.151,34.37],[-3.107,34.387],[-3.064,34.444],[-3.026,34.46],[-2.981,34.52],[-2.947,34.582],[-2.957,34.611],[-2.893,34.688],[-2.807,34.723],[-2.756,34.755],[-2.69,34.836],[-2.657,34.867],[-2.624,34.886],[-2.561,34.935],[-2.519,34.951],[-2.457,34.985],[-2.353,35.125],[-2.427,35.147],[-2.48,35.105],[-2.521,35.089],[-2.568,35.082],[-2.651,35.091],[-2.745,35.112],[-2.754,35.099],[-2.811,35.102],[-2.883,35.132],[-2.904,35.152],[-2.924,35.185],[-2.916,35.217],[-2.931,35.239],[-2.906,35.248],[-2.937,35.282],[-2.936,35.292],[-2.961,35.331],[-2.956,35.346],[-2.971,35.367],[-2.959,35.385],[-2.964,35.412],[-2.956,35.436],[-2.992,35.434],[-3.01,35.382],[-3.067,35.295],[-3.109,35.272],[-3.134,35.28],[-3.163,35.248],[-3.201,35.224],[-3.214,35.227],[-3.305,35.202],[-3.334,35.186],[-3.426,35.193],[-3.453,35.204],[-3.475,35.198],[-3.535,35.217],[-3.593,35.229],[-3.685,35.284],[-3.71,35.288],[-3.75,35.274],[-3.765,35.232],[-3.795,35.207],[-3.839,35.197],[-3.907,35.214],[-3.923,35.233],[-3.929,35.262],[-3.979,35.237],[-4.033,35.234],[-4.09,35.22],[-4.136,35.2],[-4.19,35.198],[-4.219,35.184],[-4.256,35.187],[-4.341,35.156],[-4.355,35.148],[-4.405,35.158],[-4.425,35.154],[-4.492,35.176],[-4.518,35.175],[-4.591,35.192],[-4.633,35.196],[-4.651,35.213],[-4.677,35.205],[-4.75,35.224],[-4.782,35.238],[-4.878,35.3],[-4.927,35.318],[-4.973,35.365],[-5.016,35.403],[-5.064,35.41],[-5.106,35.477],[-5.154,35.505],[-5.165,35.521],[-5.2,35.541],[-5.214,35.538],[-5.244,35.556],[-5.267,35.608],[-5.284,35.667],[-5.273,35.686],[-5.319,35.683],[-5.33,35.702],[-5.348,35.778],[-5.353,35.84],[-5.336,35.894],[-5.364,35.917],[-5.39,35.909],[-5.441,35.904],[-5.465,35.914],[-5.5,35.887],[-5.523,35.878],[-5.545,35.851],[-5.601,35.83],[-5.628,35.835],[-5.656,35.827],[-5.689,35.839],[-5.74,35.818],[-5.76,35.79],[-5.797,35.779],[-5.804,35.791],[-5.845,35.798],[-5.907,35.801],[-5.928,35.789],[-5.967,35.678],[-6.011,35.521],[-6.028,35.476],[-6.05,35.456],[-6.078,35.397],[-6.116,35.292],[-6.153,35.201],[-6.17,35.194],[-6.183,35.155],[-6.214,35.086],[-6.242,35.005],[-6.305,34.864],[-6.39,34.698],[-6.506,34.5],[-6.538,34.45],[-6.65,34.303],[-6.676,34.265],[-6.696,34.217],[-6.722,34.17],[-6.789,34.085],[-6.877,34.001],[-6.232,33.993],[-5.924,33.998],[-5.753,33.99],[-5.681,33.94],[-5.394,33.905],[-4.731,33.945],[-3.477,33.858]]]},"properties":{"slug":"mauretania-tingitana","name":"Mauretania Tingitana","tier":"province","kind":"province","source":"pazout","spanSource":"ohm","basisYear":117,"segmentStart":42,"segmentEnd":429,"spanStart":42,"spanEnd":429}},
{"type":"Feature","geometry":{"type":"MultiPolygon","coordinates":[[[[0.96,51.62],[0.879,51.616],[0.87,51.597],[0.859,51.593],[0.84,51.594],[0.833,51.576],[0.859,51.557],[0.915,51.584],[0.96,51.62]]],[[[0.746,51.448],[0.73,51.403],[0.766,51.386],[0.765,51.371],[0.861,51.366],[0.908,51.355],[0.951,51.373],[0.898,51.418],[0.824,51.426],[0.746,51.448]]],[[[0.552,51.545],[0.518,51.53],[0.573,51.508],[0.621,51.525],[0.552,51.545]]],[[[-5.2,49.959],[-5.158,50.007],[-5.102,50.004],[-5.089,50.031],[-5.07,50.035],[-5.062,50.062],[-5.103,50.1],[-5.091,50.125],[-5.046,50.176],[-5.009,50.139],[-4.972,50.164],[-4.974,50.186],[-4.957,50.202],[-4.91,50.205],[-4.861,50.235],[-4.798,50.23],[-4.771,50.258],[-4.783,50.284],[-4.754,50.306],[-4.757,50.331],[-4.706,50.34],[-4.682,50.323],[-4.62,50.324],[-4.579,50.332],[-4.551,50.324],[-4.475,50.333],[-4.436,50.361],[-4.388,50.365],[-4.308,50.361],[-4.245,50.342],[-4.22,50.326],[-4.171,50.344],[-4.161,50.361],[-4.134,50.366],[-4.113,50.317],[-4.035,50.293],[-3.973,50.307],[-3.923,50.297],[-3.858,50.261],[-3.86,50.234],[-3.823,50.217],[-3.785,50.211],[-3.748,50.219],[-3.722,50.202],[-3.66,50.239],[-3.648,50.28],[-3.606,50.32],[-3.544,50.335],[-3.503,50.389],[-3.545,50.402],[-3.557,50.442],[-3.491,50.469],[-3.515,50.482],[-3.513,50.507],[-3.496,50.543],[-3.469,50.566],[-3.444,50.607],[-3.445,50.669],[-3.416,50.629],[-3.385,50.607],[-3.304,50.63],[-3.267,50.67],[-3.194,50.684],[-3.096,50.686],[-3.069,50.703],[-3.023,50.698],[-2.94,50.72],[-2.912,50.734],[-2.812,50.718],[-2.74,50.703],[-2.642,50.666],[-2.472,50.584],[-2.449,50.602],[-2.447,50.622],[-2.423,50.636],[-2.337,50.632],[-2.229,50.616],[-2.197,50.623],[-2.115,50.599],[-2.073,50.592],[-2.058,50.578],[-2.027,50.589],[-1.96,50.591],[-1.957,50.616],[-1.933,50.631],[-1.953,50.655],[-2.026,50.687],[-2.033,50.708],[-1.966,50.715],[-1.932,50.695],[-1.895,50.711],[-1.815,50.721],[-1.767,50.716],[-1.756,50.727],[-1.69,50.737],[-1.641,50.732],[-1.577,50.716],[-1.531,50.737],[-1.516,50.754],[-1.42,50.767],[-1.408,50.786],[-1.342,50.786],[-1.312,50.814],[-1.342,50.844],[-1.401,50.872],[-1.371,50.885],[-1.301,50.837],[-1.215,50.81],[-1.197,50.794],[-1.134,50.776],[-1.116,50.788],[-1.151,50.835],[-1.095,50.831],[-1.076,50.837],[-1.039,50.835],[-1.021,50.843],[-0.987,50.837],[-0.931,50.841],[-0.942,50.815],[-0.908,50.817],[-0.878,50.808],[-0.905,50.782],[-0.786,50.723],[-0.763,50.743],[-0.767,50.768],[-0.73,50.771],[-0.653,50.786],[-0.542,50.802],[-0.386,50.807],[-0.328,50.819],[-0.238,50.831],[-0.086,50.81],[0.036,50.781],[0.066,50.782],[0.122,50.758],[0.147,50.759],[0.206,50.74],[0.24,50.734],[0.328,50.789],[0.351,50.811],[0.414,50.83],[0.481,50.838],[0.52,50.848],[0.592,50.853],[0.67,50.874],[0.72,50.909],[0.788,50.933],[0.896,50.917],[0.974,50.911],[0.982,50.921],[0.965,50.969],[0.984,51.013],[1.006,51.031],[1.06,51.059],[1.086,51.066],[1.188,51.077],[1.226,51.1],[1.268,51.102],[1.317,51.115],[1.382,51.145],[1.405,51.174],[1.405,51.229],[1.362,51.32],[1.377,51.33],[1.415,51.327],[1.442,51.35],[1.442,51.387],[1.384,51.393],[1.328,51.382],[1.25,51.377],[1.214,51.38],[1.026,51.363],[1.008,51.35],[0.896,51.341],[0.877,51.353],[0.766,51.362],[0.764,51.382],[0.727,51.399],[0.714,51.384],[0.674,51.376],[0.648,51.398],[0.614,51.378],[0.548,51.407],[0.61,51.425],[0.637,51.446],[0.678,51.433],[0.723,51.444],[0.721,51.46],[0.686,51.475],[0.588,51.484],[0.505,51.486],[0.52,51.51],[0.517,51.53],[0.544,51.547],[0.607,51.535],[0.643,51.541],[0.752,51.529],[0.782,51.521],[0.85,51.553],[0.821,51.563],[0.803,51.589],[0.819,51.598],[0.854,51.596],[0.864,51.61],[0.854,51.621],[0.904,51.623],[0.935,51.633],[0.949,51.683],[0.951,51.722],[0.939,51.742],[0.904,51.746],[0.876,51.726],[0.833,51.715],[0.795,51.719],[0.772,51.704],[0.717,51.716],[0.735,51.73],[0.792,51.745],[0.853,51.742],[0.882,51.758],[0.883,51.776],[0.947,51.775],[1,51.793],[1.039,51.788],[1.046,51.77],[1.134,51.776],[1.236,51.82],[1.29,51.863],[1.271,51.876],[1.243,51.859],[1.2,51.884],[1.248,51.898],[1.278,51.945],[1.188,51.941],[1.132,51.958],[1.164,51.968],[1.186,51.956],[1.223,51.955],[1.276,51.963],[1.267,51.988],[1.212,51.996],[1.207,52.013],[1.283,51.99],[1.283,51.966],[1.312,51.951],[1.37,51.964],[1.435,52.009],[1.461,52.047],[1.51,52.069],[1.562,52.079],[1.582,52.09],[1.596,52.137],[1.621,52.185],[1.635,52.28],[1.676,52.314],[1.694,52.353],[1.726,52.396],[1.731,52.436],[1.761,52.479],[1.734,52.552],[1.745,52.625],[1.697,52.724],[1.615,52.784],[1.541,52.821],[1.413,52.891],[1.343,52.92],[1.251,52.942],[1.14,52.949],[1.03,52.969],[0.998,52.956],[0.969,52.962],[0.85,52.959],[0.843,52.977],[0.774,52.979],[0.721,52.972],[0.697,52.978],[0.616,52.973],[0.534,52.974],[0.49,52.947],[0.472,52.909],[0.446,52.875],[0.446,52.859],[0.358,52.81],[0.328,52.818],[0.26,52.815],[0.215,52.826],[0.176,52.874],[0.086,52.899],[0.036,52.903],[0.077,52.933],[0.084,52.949],[0.157,53.01],[0.201,53.035],[0.236,53.045],[0.319,53.092],[0.347,53.124],[0.355,53.192],[0.319,53.272],[0.289,53.306],[0.237,53.386],[0.179,53.451],[0.168,53.477],[0.086,53.498],[0.072,53.518],[0.034,53.521],[-0.061,53.582],[-0.111,53.59],[-0.202,53.637],[-0.253,53.678],[-0.277,53.706],[-0.299,53.714],[-0.396,53.7],[-0.439,53.697],[-0.442,53.715],[-0.297,53.743],[-0.237,53.727],[-0.229,53.711],[-0.197,53.697],[-0.133,53.651],[-0.103,53.635],[-0.051,53.631],[0.029,53.649],[0.08,53.641],[0.142,53.622],[0.12,53.658],[-0.045,53.796],[-0.122,53.864],[-0.157,53.904],[-0.213,54.009],[-0.214,54.05],[-0.198,54.078],[-0.165,54.099],[-0.105,54.104],[-0.083,54.123],[-0.17,54.151],[-0.227,54.16],[-0.274,54.183],[-0.272,54.219],[-0.369,54.249],[-0.397,54.275],[-0.434,54.351],[-0.471,54.396],[-0.525,54.418],[-0.521,54.446],[-0.59,54.488],[-0.656,54.497],[-0.713,54.534],[-0.745,54.529],[-0.774,54.557],[-0.845,54.57],[-0.897,54.571],[-0.926,54.587],[-1.001,54.593],[-1.051,54.615],[-1.136,54.631],[-1.164,54.647],[-1.199,54.681],[-1.206,54.707],[-1.243,54.724],[-1.289,54.758],[-1.31,54.782],[-1.313,54.813],[-1.346,54.855],[-1.368,54.937],[-1.357,54.965],[-1.408,54.996],[-1.449,55.051],[-1.453,55.07],[-1.489,55.095],[-1.497,55.124],[-1.525,55.163],[-1.505,55.193],[-1.529,55.229],[-1.558,55.252],[-1.569,55.294],[-1.549,55.322],[-1.588,55.345],[-1.609,55.384],[-1.58,55.407],[-1.592,55.491],[-1.611,55.496],[-1.637,55.541],[-1.628,55.556],[-1.694,55.607],[-1.765,55.625],[-1.79,55.647],[-1.813,55.634],[-1.841,55.643],[-1.884,55.695],[-1.961,55.733],[-1.992,55.761],[-2,55.786],[-2.044,55.816],[-2.07,55.843],[-2.074,55.87],[-2.127,55.885],[-2.138,55.917],[-2.168,55.915],[-2.218,55.932],[-2.259,55.924],[-2.336,55.932],[-2.385,55.951],[-2.398,55.968],[-2.471,55.994],[-2.531,56.007],[-2.549,55.998],[-2.6,56.001],[-2.585,56.021],[-2.621,56.048],[-2.654,56.059],[-2.7,56.057],[-2.773,56.065],[-2.816,56.062],[-2.834,56.044],[-2.867,56.036],[-2.898,55.984],[-2.971,55.97],[-3.01,55.953],[-3.068,55.945],[-3.116,55.957],[-3.157,55.982],[-3.251,55.984],[-3.289,55.979],[-3.346,55.998],[-3.377,55.991],[-3.434,55.993],[-3.563,56.011],[-3.597,56.021],[-3.672,56.017],[-3.725,56.031],[-3.925,56.001],[-4.002,55.985],[-4.092,55.977],[-4.225,55.941],[-4.423,55.936],[-4.503,55.923],[-4.582,55.924],[-4.67,55.933],[-4.743,55.946],[-4.789,55.963],[-4.879,55.942],[-4.875,55.92],[-4.889,55.882],[-4.887,55.818],[-4.855,55.774],[-4.858,55.751],[-4.902,55.723],[-4.905,55.699],[-4.863,55.684],[-4.816,55.642],[-4.71,55.613],[-4.671,55.588],[-4.65,55.527],[-4.621,55.503],[-4.644,55.471],[-4.65,55.442],[-4.713,55.433],[-4.769,55.401],[-4.776,55.359],[-4.84,55.329],[-4.836,55.284],[-4.863,55.244],[-4.86,55.228],[-4.91,55.199],[-4.942,55.164],[-4.991,55.144],[-5.009,55.092],[-5.048,55.057],[-5.06,55.028],[-4.997,54.938],[-4.99,54.919],[-5.03,54.906],[-5.068,54.934],[-5.065,54.974],[-5.091,55.013],[-5.159,55.007],[-5.185,54.978],[-5.185,54.916],[-5.145,54.871],[-5.149,54.862],[-5.106,54.83],[-5.054,54.809],[-5.043,54.792],[-5.001,54.773],[-4.99,54.738],[-4.948,54.7],[-4.972,54.69],[-4.965,54.664],[-4.917,54.643],[-4.887,54.639],[-4.882,54.669],[-4.917,54.743],[-4.94,54.766],[-4.961,54.803],[-4.939,54.831],[-4.835,54.864],[-4.809,54.86],[-4.787,54.836],[-4.708,54.824],[-4.681,54.805],[-4.585,54.765],[-4.57,54.737],[-4.52,54.714],[-4.408,54.678],[-4.364,54.691],[-4.355,54.759],[-4.363,54.796],[-4.354,54.814],[-4.414,54.829],[-4.426,54.881],[-4.388,54.896],[-4.359,54.862],[-4.265,54.836],[-4.231,54.854],[-4.21,54.816],[-4.149,54.778],[-4.093,54.787],[-4.085,54.816],[-4.046,54.814],[-4.065,54.781],[-4.04,54.769],[-3.962,54.772],[-3.94,54.789],[-3.869,54.805],[-3.835,54.827],[-3.86,54.843],[-3.826,54.861],[-3.783,54.854],[-3.696,54.88],[-3.598,54.873],[-3.563,54.907],[-3.588,54.929],[-3.577,54.962],[-3.539,54.97],[-3.485,54.967],[-3.437,54.988],[-3.372,54.971],[-3.328,54.979],[-3.269,54.966],[-3.21,54.976],[-3.149,54.964],[-3.121,54.976],[-3.072,54.937],[-3.142,54.928],[-3.202,54.953],[-3.284,54.935],[-3.31,54.888],[-3.367,54.891],[-3.4,54.868],[-3.437,54.803],[-3.439,54.756],[-3.49,54.728],[-3.526,54.686],[-3.577,54.648],[-3.571,54.603],[-3.58,54.572],[-3.614,54.525],[-3.639,54.517],[-3.619,54.491],[-3.594,54.483],[-3.563,54.452],[-3.493,54.401],[-3.425,54.332],[-3.422,54.285],[-3.403,54.263],[-3.316,54.189],[-3.265,54.19],[-3.24,54.203],[-3.218,54.236],[-3.195,54.226],[-3.218,54.176],[-3.239,54.155],[-3.245,54.117],[-3.172,54.08],[-3.107,54.118],[-3.061,54.162],[-3.062,54.181],[-3.027,54.224],[-3.014,54.205],[-3.03,54.188],[-2.997,54.172],[-3.002,54.159],[-2.928,54.151],[-2.907,54.193],[-2.87,54.202],[-2.864,54.183],[-2.839,54.176],[-2.829,54.155],[-2.802,54.139],[-2.799,54.121],[-2.818,54.088],[-2.887,54.066],[-2.92,54.032],[-2.894,54.014],[-2.854,54.007],[-2.877,53.979],[-2.861,53.964],[-2.88,53.949],[-2.923,53.947],[-2.997,53.929],[-3.045,53.923],[-3.055,53.848],[-3.055,53.764],[-3.015,53.739],[-2.93,53.731],[-2.956,53.714],[-2.959,53.693],[-3.004,53.668],[-3.085,53.587],[-3.1,53.543],[-3.065,53.524],[-3.063,53.505],[-3.007,53.434],[-3.003,53.413],[-2.979,53.381],[-2.897,53.342],[-2.855,53.327],[-2.818,53.333],[-2.793,53.322],[-2.837,53.294],[-2.881,53.291],[-2.929,53.308],[-3.006,53.381],[-3.037,53.44],[-3.056,53.44],[-3.102,53.421],[-3.176,53.4],[-3.199,53.376],[-3.123,53.323],[-3.108,53.291],[-3.091,53.285],[-3.098,53.25],[-3.123,53.249],[-3.201,53.294],[-3.301,53.334],[-3.323,53.357],[-3.472,53.33],[-3.558,53.302],[-3.614,53.29],[-3.726,53.298],[-3.739,53.314],[-3.778,53.329],[-3.846,53.32],[-3.838,53.296],[-3.881,53.289],[-3.913,53.275],[-4.001,53.253],[-4.031,53.238],[-4.083,53.229],[-4.122,53.237],[-4.195,53.213],[-4.208,53.187],[-4.258,53.161],[-4.278,53.141],[-4.338,53.122],[-4.347,53.108],[-4.336,53.083],[-4.354,53.033],[-4.407,53],[-4.438,52.998],[-4.473,52.966],[-4.52,52.94],[-4.578,52.938],[-4.649,52.907],[-4.696,52.859],[-4.726,52.853],[-4.723,52.835],[-4.768,52.798],[-4.732,52.782],[-4.721,52.802],[-4.661,52.806],[-4.643,52.8],[-4.611,52.825],[-4.589,52.823],[-4.515,52.793],[-4.486,52.795],[-4.504,52.828],[-4.46,52.87],[-4.37,52.896],[-4.331,52.893],[-4.316,52.909],[-4.265,52.91],[-4.219,52.919],[-4.151,52.907],[-4.128,52.925],[-4.087,52.902],[-4.147,52.892],[-4.119,52.849],[-4.117,52.83],[-4.143,52.8],[-4.088,52.755],[-4.058,52.718],[-4.023,52.736],[-4,52.723],[-4.051,52.704],[-4.057,52.688],[-4.095,52.668],[-4.128,52.614],[-4.07,52.544],[-4.018,52.547],[-4.015,52.526],[-4.059,52.523],[-4.053,52.48],[-4.081,52.444],[-4.09,52.397],[-4.128,52.339],[-4.202,52.268],[-4.327,52.213],[-4.377,52.215],[-4.445,52.17],[-4.519,52.135],[-4.561,52.144],[-4.586,52.138],[-4.644,52.138],[-4.712,52.108],[-4.731,52.118],[-4.759,52.08],[-4.799,52.057],[-4.838,52.05],[-4.837,52.025],[-4.914,52.017],[-4.944,52.004],[-4.987,51.999],[-4.987,52.023],[-5.063,52.032],[-5.089,52.015],[-5.083,51.971],[-5.145,51.961],[-5.166,51.948],[-5.198,51.948],[-5.21,51.933],[-5.253,51.917],[-5.289,51.914],[-5.307,51.877],[-5.269,51.871],[-5.215,51.872],[-5.133,51.862],[-5.104,51.813],[-5.102,51.783],[-5.117,51.768],[-5.16,51.772],[-5.202,51.751],[-5.205,51.738],[-5.254,51.738],[-5.186,51.708],[-5.173,51.714],[-5.115,51.714],[-5.085,51.706],[-5.041,51.708],[-5.046,51.676],[-5.078,51.679],[-5.05,51.634],[-5.059,51.621],[-5.007,51.609],[-4.989,51.613],[-4.931,51.599],[-4.897,51.629],[-4.861,51.647],[-4.807,51.644],[-4.781,51.635],[-4.757,51.654],[-4.721,51.652],[-4.685,51.696],[-4.698,51.712],[-4.654,51.733],[-4.56,51.742],[-4.484,51.735],[-4.43,51.74],[-4.43,51.751],[-4.372,51.768],[-4.369,51.712],[-4.327,51.681],[-4.283,51.668],[-4.219,51.685],[-4.181,51.68],[-4.152,51.656],[-4.17,51.624],[-4.25,51.637],[-4.306,51.608],[-4.282,51.561],[-4.215,51.541],[-4.111,51.572],[-4.074,51.562],[-4.034,51.57],[-3.993,51.563],[-3.993,51.598],[-3.962,51.611],[-3.919,51.609],[-3.894,51.619],[-3.85,51.618],[-3.804,51.584],[-3.765,51.54],[-3.744,51.501],[-3.72,51.48],[-3.64,51.462],[-3.59,51.435],[-3.56,51.402],[-3.52,51.4],[-3.405,51.381],[-3.341,51.381],[-3.311,51.392],[-3.29,51.386],[-3.223,51.404],[-3.17,51.406],[-3.17,51.427],[-3.122,51.492],[-3.085,51.499],[-3.005,51.53],[-2.988,51.549],[-2.96,51.536],[-2.908,51.533],[-2.845,51.546],[-2.758,51.578],[-2.712,51.582],[-2.687,51.603],[-2.653,51.609],[-2.651,51.626],[-2.609,51.673],[-2.553,51.693],[-2.534,51.678],[-2.559,51.666],[-2.584,51.629],[-2.628,51.606],[-2.663,51.574],[-2.673,51.546],[-2.734,51.494],[-2.772,51.495],[-2.8,51.485],[-2.879,51.432],[-2.912,51.395],[-2.94,51.398],[-2.972,51.386],[-2.968,51.364],[-2.992,51.321],[-3.011,51.325],[-3.022,51.266],[-2.999,51.237],[-3.032,51.218],[-3.08,51.202],[-3.126,51.211],[-3.189,51.203],[-3.276,51.18],[-3.412,51.184],[-3.443,51.207],[-3.542,51.232],[-3.579,51.232],[-3.618,51.217],[-3.641,51.223],[-3.77,51.238],[-3.854,51.235],[-3.892,51.224],[-3.939,51.229],[-3.96,51.219],[-4.003,51.219],[-4.051,51.207],[-4.066,51.215],[-4.122,51.211],[-4.178,51.197],[-4.201,51.201],[-4.222,51.145],[-4.226,51.062],[-4.239,51.041],[-4.263,51.034],[-4.303,50.998],[-4.375,50.99],[-4.427,51.014],[-4.464,51.021],[-4.528,51.018],[-4.533,50.966],[-4.562,50.917],[-4.567,50.885],[-4.555,50.849],[-4.558,50.788],[-4.59,50.766],[-4.632,50.75],[-4.655,50.716],[-4.735,50.672],[-4.755,50.671],[-4.771,50.622],[-4.789,50.603],[-4.908,50.585],[-4.931,50.564],[-4.972,50.558],[-4.998,50.54],[-5.022,50.55],[-5.042,50.444],[-5.057,50.424],[-5.088,50.421],[-5.157,50.389],[-5.147,50.375],[-5.156,50.348],[-5.181,50.341],[-5.2,50.321],[-5.235,50.318],[-5.242,50.288],[-5.3,50.263],[-5.34,50.238],[-5.396,50.24],[-5.392,50.227],[-5.433,50.192],[-5.469,50.2],[-5.496,50.219],[-5.555,50.209],[-5.597,50.19],[-5.629,50.168],[-5.674,50.161],[-5.705,50.123],[-5.689,50.091],[-5.714,50.063],[-5.68,50.035],[-5.624,50.05],[-5.555,50.06],[-5.534,50.088],[-5.549,50.103],[-5.528,50.125],[-5.466,50.124],[-5.428,50.105],[-5.392,50.102],[-5.362,50.089],[-5.335,50.091],[-5.288,50.063],[-5.267,50.039],[-5.247,49.977],[-5.2,49.959]]],[[[-4.619,53.331],[-4.681,53.316],[-4.678,53.295],[-4.63,53.28],[-4.598,53.241],[-4.559,53.254],[-4.588,53.274],[-4.596,53.306],[-4.633,53.317],[-4.619,53.331]]],[[[-3.252,54.151],[-3.276,54.143],[-3.268,54.107],[-3.206,54.047],[-3.197,54.062],[-3.237,54.094],[-3.264,54.141],[-3.252,54.151]]],[[[-4.425,53.43],[-4.449,53.416],[-4.575,53.402],[-4.556,53.375],[-4.574,53.333],[-4.557,53.298],[-4.583,53.284],[-4.549,53.246],[-4.504,53.216],[-4.504,53.187],[-4.459,53.177],[-4.407,53.144],[-4.359,53.131],[-4.282,53.156],[-4.245,53.179],[-4.219,53.186],[-4.204,53.214],[-4.112,53.251],[-4.059,53.295],[-4.071,53.312],[-4.118,53.319],[-4.143,53.305],[-4.21,53.296],[-4.239,53.357],[-4.286,53.373],[-4.27,53.396],[-4.288,53.416],[-4.425,53.43]]],[[[-0.966,50.835],[-0.988,50.829],[-0.989,50.804],[-1.019,50.785],[-0.945,50.777],[-0.966,50.835]]],[[[-1.075,50.837],[-1.109,50.79],[-1.089,50.778],[-1.032,50.787],[-1.044,50.83],[-1.075,50.837]]]]},"properties":{"slug":"britannia","name":"Britannia","tier":"province","kind":"province","source":"pazout","spanSource":"ohm","basisYear":117,"segmentStart":43,"segmentEnd":407,"spanStart":43,"spanEnd":407}},
{"type":"Feature","geometry":{"type":"Polygon","coordinates":[[[6.647,45.17],[6.567,45.337],[6.603,45.462],[6.592,45.543],[6.538,45.569],[6.447,45.497],[6.317,45.399],[6.194,45.31],[6.111,45.223],[6.057,45.125],[6.054,44.954],[6.097,44.865],[6.165,44.807],[6.253,44.778],[6.324,44.765],[6.382,44.698],[6.445,44.601],[6.505,44.454],[6.553,44.351],[7.048,44.377],[7.491,44.379],[7.425,44.648],[7.423,44.85],[7.467,44.92],[7.531,45.008],[7.509,45.101],[7.328,45.229],[7.18,45.231],[6.647,45.17]]]},"properties":{"slug":"alpes-cottiae","name":"Alpes Cottiae","tier":"province","kind":"province","source":"pazout","spanSource":"ohm","basisYear":117,"segmentStart":63,"segmentEnd":476,"spanStart":63,"spanEnd":476}},
{"type":"Feature","geometry":{"type":"Polygon","coordinates":[[[7.226,45.932],[6.888,45.939],[6.851,45.839],[6.782,45.759],[6.689,45.678],[6.583,45.604],[6.538,45.569],[6.592,45.543],[6.603,45.462],[6.567,45.337],[6.647,45.17],[7.18,45.23],[7.328,45.229],[7.289,45.344],[7.174,45.604],[7.201,45.772],[7.226,45.932]]]},"properties":{"slug":"alpes-graiae","name":"Alpes Graiae","tier":"province","kind":"province","source":"pazout","spanSource":"ohm","basisYear":117,"segmentStart":63,"segmentEnd":476,"spanStart":63,"spanEnd":476}},
{"type":"Feature","geometry":{"type":"Polygon","coordinates":[[[6.553,44.351],[6.634,44.174],[6.569,44.073],[6.482,43.946],[6.407,43.81],[6.42,43.708],[6.531,43.654],[6.674,43.621],[6.866,43.629],[7.017,43.653],[7.122,43.665],[7.181,43.656],[7.183,43.656],[7.184,43.656],[7.186,43.656],[7.187,43.656],[7.2,43.654],[7.216,43.651],[7.238,43.686],[7.33,43.702],[7.36,43.723],[7.397,43.719],[7.428,43.731],[7.433,43.746],[7.472,43.753],[7.537,43.981],[7.631,44.072],[7.646,44.2],[7.581,44.305],[7.491,44.379],[7.048,44.377],[6.553,44.351]]]},"properties":{"slug":"alpes-maritimae","name":"Alpes Maritimae","tier":"province","kind":"province","source":"pazout","spanSource":"ohm","basisYear":117,"segmentStart":63,"segmentEnd":476,"spanStart":63,"spanEnd":476}},
{"type":"Feature","geometry":{"type":"Polygon","coordinates":[[[6.888,45.939],[7.226,45.932],[7.328,46.108],[7.572,46.276],[7.782,46.3],[8.042,46.333],[8.342,46.473],[8.378,46.57],[8.337,46.554],[7.937,46.477],[7.694,46.459],[7.451,46.447],[7.092,46.485],[6.979,46.471],[6.894,46.352],[6.78,46.375],[6.7,46.362],[6.731,46.275],[6.779,46.194],[6.833,46.125],[6.884,46.016],[6.888,45.939]]]},"properties":{"slug":"alpes-poeninae","name":"Alpes Poeninae","tier":"province","kind":"province","source":"pazout","spanSource":"ohm","basisYear":117,"segmentStart":63,"segmentEnd":476,"spanStart":63,"spanEnd":476}},
{"type":"Feature","geometry":{"type":"MultiPolygon","coordinates":[[[[4.38,51.475],[4.437,51.525],[4.481,51.595],[4.505,51.61],[4.516,51.66],[4.511,51.679],[4.431,51.686],[4.394,51.698],[4.357,51.7],[4.317,51.711],[4.245,51.765],[4.211,51.778],[4.131,51.784],[4.126,51.792],[4.036,51.824],[4.011,51.842],[3.967,51.841],[3.926,51.832],[3.865,51.795],[3.855,51.766],[3.82,51.741],[3.768,51.743],[3.728,51.737],[3.683,51.687],[3.722,51.663],[3.715,51.643],[3.682,51.623],[3.682,51.602],[3.624,51.588],[3.567,51.592],[3.465,51.553],[3.479,51.51],[3.512,51.489],[3.633,51.442],[3.658,51.456],[3.806,51.39],[3.901,51.395],[3.926,51.434],[3.921,51.444],[3.975,51.462],[3.993,51.451],[4.029,51.454],[4.115,51.416],[4.163,51.418],[4.199,51.412],[4.287,51.414],[4.325,51.423],[4.38,51.475]]],[[[7.285,50.541],[7.269,50.582],[7.228,50.624],[7.217,50.683],[7.129,50.733],[7.109,50.774],[7.065,50.81],[7.022,50.83],[6.979,50.976],[6.931,51.056],[6.877,51.073],[6.862,51.139],[6.811,51.174],[6.766,51.198],[6.751,51.288],[6.738,51.314],[6.677,51.343],[6.669,51.382],[6.703,51.43],[6.67,51.517],[6.646,51.549],[6.589,51.57],[6.538,51.604],[6.528,51.635],[6.508,51.659],[6.439,51.702],[6.417,51.742],[6.352,51.769],[6.272,51.833],[6.209,51.866],[6.176,51.894],[6.113,51.93],[6,51.96],[5.909,51.989],[5.637,52.041],[5.507,52.052],[5.395,52.079],[5.268,52.117],[5.088,52.159],[4.755,52.197],[4.534,52.235],[4.417,52.232],[4.358,52.172],[4.304,52.129],[4.206,52.061],[4.184,52.053],[4.111,51.993],[4.123,51.972],[4.116,51.947],[4.08,51.94],[4.028,51.89],[4.083,51.828],[4.169,51.817],[4.204,51.794],[4.282,51.757],[4.352,51.741],[4.406,51.717],[4.465,51.704],[4.561,51.699],[4.59,51.644],[4.54,51.605],[4.502,51.506],[4.436,51.462],[4.405,51.428],[4.348,51.395],[4.233,51.366],[4.211,51.349],[4.323,51.253],[4.354,51.201],[4.385,51.115],[4.41,51.019],[4.421,50.904],[4.411,50.804],[4.397,50.711],[4.367,50.602],[4.321,50.49],[4.222,50.278],[4.182,50.179],[4.187,50.086],[4.231,50.018],[4.37,49.977],[4.715,50.011],[4.872,50.012],[4.924,49.973],[4.986,49.882],[5.091,49.813],[5.191,49.816],[5.265,49.868],[5.347,49.906],[5.424,49.908],[5.514,49.886],[5.657,49.867],[5.813,49.867],[5.942,49.896],[6.049,49.943],[6.169,50.082],[6.272,50.15],[6.367,50.187],[6.454,50.194],[6.557,50.193],[6.66,50.215],[6.789,50.281],[6.855,50.294],[6.942,50.289],[7.031,50.276],[7.071,50.346],[7.127,50.423],[7.209,50.489],[7.285,50.541]]]]},"properties":{"slug":"germania-inferior","name":"Germania Inferior","tier":"province","kind":"province","source":"pazout","spanSource":"ohm","basisYear":117,"segmentStart":85,"segmentEnd":350,"spanStart":85,"spanEnd":350}},
{"type":"Feature","geometry":{"type":"Polygon","coordinates":[[[7.285,50.541],[7.209,50.489],[7.127,50.423],[7.071,50.346],[7.031,50.276],[7.039,50.275],[7.076,50.19],[7.124,50.119],[7.19,50.048],[7.275,49.973],[7.348,49.899],[7.449,49.816],[7.553,49.726],[7.635,49.642],[7.688,49.557],[7.708,49.48],[7.69,49.396],[7.644,49.321],[7.567,49.247],[7.472,49.177],[7.379,49.115],[7.301,49.057],[7.239,49.005],[7.157,48.922],[7.099,48.837],[7.024,48.67],[7.018,48.599],[7.015,48.498],[7.021,48.368],[7.018,48.256],[7.004,48.048],[6.956,47.968],[6.887,47.922],[6.793,47.913],[6.576,47.97],[6.474,47.99],[6.375,47.979],[6.266,47.99],[6.149,48.017],[6.089,48.066],[6.047,48.126],[5.998,48.211],[5.952,48.302],[5.872,48.388],[5.807,48.435],[5.737,48.47],[5.591,48.514],[5.465,48.531],[5.315,48.516],[5.197,48.496],[5.084,48.465],[4.983,48.426],[4.86,48.404],[4.804,48.304],[4.711,48.223],[4.583,48.132],[4.452,48.059],[4.352,48.016],[4.297,47.98],[4.31,47.906],[4.331,47.842],[4.39,47.784],[4.479,47.732],[4.612,47.687],[4.696,47.644],[4.736,47.594],[4.72,47.536],[4.692,47.474],[4.697,47.402],[4.769,47.356],[4.893,47.35],[5.02,47.326],[5.166,47.238],[5.28,47.133],[5.441,46.963],[5.624,46.707],[5.723,46.563],[5.827,46.406],[5.891,46.317],[5.929,46.24],[5.977,46.143],[6.025,46.22],[6.096,46.237],[6.183,46.222],[6.286,46.262],[6.353,46.317],[6.508,46.338],[6.578,46.359],[6.7,46.362],[6.78,46.375],[6.894,46.352],[6.979,46.471],[7.092,46.485],[7.451,46.447],[7.694,46.459],[7.937,46.477],[8.337,46.554],[8.448,46.597],[8.555,46.594],[8.725,46.65],[8.925,46.757],[9.112,46.892],[9.215,46.999],[9.305,47.098],[9.351,47.19],[9.295,47.304],[9.211,47.37],[9.121,47.515],[8.904,47.557],[8.839,47.62],[8.841,47.692],[8.857,47.857],[9.191,48.145],[9.448,48.393],[9.8,48.683],[9.793,48.812],[9.784,48.981],[9.694,49.135],[9.589,49.323],[9.506,49.461],[9.343,49.638],[9.225,49.749],[9.197,49.913],[9.164,49.988],[9.131,50.095],[9.075,50.295],[9.016,50.373],[8.895,50.47],[8.795,50.51],[8.713,50.48],[8.637,50.435],[8.551,50.291],[8.434,50.213],[8.253,50.223],[8.087,50.223],[7.953,50.172],[7.809,50.167],[7.712,50.222],[7.698,50.369],[7.567,50.422],[7.383,50.484],[7.285,50.541]]]},"properties":{"slug":"germania-superior","name":"Germania Superior","tier":"province","kind":"province","source":"pazout","spanSource":"ohm","basisYear":117,"segmentStart":85,"segmentEnd":476,"spanStart":85,"spanEnd":476}},
{"type":"Feature","geometry":{"type":"Polygon","coordinates":[[[27.587,42.862],[27.898,42.7],[27.901,42.719],[27.889,42.754],[27.901,42.767],[27.884,42.826],[27.886,42.85],[27.903,42.854],[27.896,42.915],[27.906,42.929],[27.893,42.983],[27.89,43.041],[27.913,43.064],[27.931,43.128],[27.947,43.165],[27.908,43.185],[27.928,43.206],[28.015,43.227],[28.068,43.327],[28.083,43.366],[28.136,43.398],[28.223,43.399],[28.308,43.418],[28.388,43.404],[28.427,43.384],[28.471,43.381],[28.498,43.411],[28.538,43.43],[28.584,43.488],[28.608,43.542],[28.568,43.599],[28.579,43.637],[28.563,43.69],[28.577,43.702],[28.574,43.757],[28.594,43.842],[28.608,43.85],[28.607,43.882],[28.636,43.924],[28.643,43.958],[28.667,43.985],[28.665,44.008],[28.642,44.055],[28.637,44.101],[28.651,44.133],[28.643,44.157],[28.657,44.181],[28.653,44.21],[28.633,44.225],[28.623,44.263],[28.625,44.291],[28.638,44.322],[28.666,44.341],[28.689,44.34],[28.71,44.374],[28.756,44.42],[28.818,44.472],[28.87,44.526],[28.928,44.608],[28.96,44.647],[29.012,44.697],[29.053,44.729],[29.107,44.76],[29.218,44.791],[29.317,44.806],[29.534,44.824],[29.556,44.825],[29.607,44.845],[29.617,44.864],[29.634,44.966],[29.646,45.061],[29.655,45.1],[29.679,45.139],[29.713,45.167],[29.645,45.167],[29.631,45.206],[29.655,45.211],[29.686,45.202],[29.704,45.216],[29.758,45.222],[29.742,45.244],[29.743,45.281],[29.766,45.322],[29.755,45.373],[29.515,45.402],[29.257,45.425],[29.009,45.321],[28.77,45.221],[28.568,45.23],[28.508,45.29],[28.316,45.325],[28.128,45.41],[28.077,45.247],[28.132,45.14],[28.102,44.925],[28.024,44.759],[27.928,44.735],[27.923,44.683],[27.996,44.605],[27.971,44.517],[28.044,44.448],[27.941,44.286],[27.746,44.253],[27.618,44.207],[27.502,44.177],[27.452,44.141],[27.322,44.14],[27.245,44.119],[27.208,44.116],[27.126,44.143],[27.048,44.143],[26.92,44.136],[26.696,44.069],[26.362,44.038],[26.116,43.973],[26.056,43.91],[25.973,43.87],[25.933,43.841],[25.856,43.763],[25.815,43.747],[25.792,43.717],[25.731,43.692],[25.662,43.692],[25.559,43.643],[25.496,43.646],[25.393,43.621],[25.322,43.643],[25.259,43.683],[25.168,43.7],[25.101,43.685],[25.06,43.694],[25.023,43.71],[24.963,43.725],[24.913,43.712],[24.866,43.706],[24.805,43.71],[24.742,43.682],[24.698,43.699],[24.622,43.744],[24.565,43.759],[24.508,43.761],[24.461,43.747],[24.412,43.721],[24.359,43.702],[24.308,43.703],[24.184,43.683],[24.088,43.705],[23.986,43.745],[23.932,43.744],[23.875,43.752],[23.82,43.766],[23.775,43.8],[23.711,43.809],[23.625,43.789],[23.545,43.809],[23.503,43.832],[23.43,43.853],[23.373,43.847],[23.299,43.849],[23.23,43.838],[23.065,43.796],[23.022,43.802],[22.934,43.824],[22.903,43.828],[22.819,43.72],[22.656,43.422],[22.89,43.201],[23.214,43.063],[23.503,42.985],[23.791,42.888],[24.206,42.793],[25.914,42.785],[26.532,42.822],[26.741,42.874],[27.12,42.896],[27.385,42.882],[27.587,42.862]]]},"properties":{"slug":"moesia-inferior","name":"Moesia Inferior","tier":"province","kind":"province","source":"pazout","spanSource":"ohm","basisYear":117,"segmentStart":86,"segmentEnd":290,"spanStart":86,"spanEnd":290}},
{"type":"Feature","geometry":{"type":"Polygon","coordinates":[[[20.256,44.078],[20.229,43.853],[20.263,43.665],[20.271,43.561],[20.267,43.254],[20.425,43.129],[20.35,42.86],[20.273,42.767],[20.204,42.654],[20.33,42.385],[20.459,42.275],[20.537,42.136],[20.607,42.071],[20.637,42.031],[20.674,41.976],[20.858,41.959],[21.033,41.957],[21.341,41.882],[21.541,41.861],[21.676,41.873],[21.861,41.938],[22.054,42],[22.178,42.063],[22.363,42.09],[22.522,42.147],[22.407,42.257],[22.283,42.361],[22.39,42.458],[22.412,42.529],[22.478,42.626],[22.604,42.638],[22.709,42.642],[22.799,42.638],[22.835,42.719],[22.783,42.81],[22.651,42.917],[22.448,43.121],[22.489,43.311],[22.656,43.422],[22.819,43.72],[22.903,43.828],[22.866,43.839],[22.842,43.862],[22.839,43.889],[22.888,43.987],[23.002,44.016],[23.035,44.038],[23.046,44.072],[23.007,44.095],[22.914,44.106],[22.883,44.129],[22.815,44.154],[22.745,44.2],[22.69,44.206],[22.672,44.229],[22.687,44.259],[22.672,44.285],[22.597,44.298],[22.554,44.317],[22.522,44.344],[22.508,44.367],[22.499,44.415],[22.462,44.448],[22.467,44.48],[22.526,44.478],[22.552,44.499],[22.568,44.539],[22.598,44.553],[22.633,44.549],[22.698,44.517],[22.762,44.539],[22.743,44.575],[22.711,44.599],[22.675,44.616],[22.604,44.619],[22.47,44.714],[22.422,44.708],[22.395,44.679],[22.324,44.668],[22.273,44.622],[22.26,44.59],[22.237,44.569],[22.18,44.478],[22.128,44.476],[22.079,44.498],[22.072,44.527],[22.037,44.545],[22.027,44.59],[21.988,44.634],[21.848,44.655],[21.813,44.654],[21.776,44.663],[21.717,44.655],[21.698,44.664],[21.669,44.667],[21.642,44.68],[21.614,44.716],[21.588,44.76],[21.523,44.774],[21.395,44.777],[21.377,44.821],[21.352,44.827],[21.268,44.812],[21.195,44.787],[21.139,44.747],[21.004,44.729],[20.873,44.661],[20.749,44.668],[20.631,44.775],[20.645,44.824],[20.636,44.856],[20.589,44.858],[20.521,44.832],[20.45,44.84],[20.407,44.749],[20.338,44.655],[20.266,44.493],[20.254,44.3],[20.256,44.078]]]},"properties":{"slug":"moesia-superior","name":"Moesia Superior","tier":"province","kind":"province","source":"pazout","spanSource":"ohm","basisYear":117,"segmentStart":86,"segmentEnd":271,"spanStart":86,"spanEnd":271}},
{"type":"Feature","geometry":{"type":"Polygon","coordinates":[[[34.283,31.253],[34.227,31.277],[34.204,31.313],[34.137,31.268],[34.077,31.238],[32.624,29.876],[32.635,29.867],[32.624,29.816],[32.682,29.752],[32.697,29.729],[32.685,29.671],[32.689,29.609],[32.68,29.596],[32.711,29.584],[32.727,29.547],[32.721,29.51],[32.754,29.443],[32.784,29.433],[32.826,29.388],[32.817,29.354],[32.83,29.341],[32.833,29.316],[32.869,29.29],[32.88,29.265],[32.885,29.234],[32.927,29.205],[32.952,29.202],[32.978,29.167],[33.003,29.158],[33.02,29.134],[33.078,29.083],[33.076,29.068],[33.098,29.047],[33.124,29.043],[33.154,29.023],[33.182,28.993],[33.17,28.945],[33.188,28.919],[33.175,28.898],[33.175,28.859],[33.191,28.821],[33.211,28.805],[33.23,28.772],[33.223,28.728],[33.208,28.711],[33.198,28.671],[33.222,28.632],[33.224,28.591],[33.256,28.582],[33.27,28.565],[33.284,28.513],[33.306,28.489],[33.368,28.451],[33.369,28.437],[33.404,28.393],[33.518,28.315],[33.567,28.294],[33.587,28.269],[33.593,28.245],[33.623,28.227],[33.626,28.193],[33.636,28.174],[33.669,28.159],[33.671,28.133],[33.71,28.088],[33.714,28.066],[33.731,28.065],[33.766,28.039],[33.765,28.017],[33.79,28.009],[33.804,27.987],[33.861,27.954],[33.875,27.933],[33.912,27.938],[33.95,27.892],[33.987,27.883],[34.01,27.851],[34.047,27.816],[34.086,27.796],[34.153,27.795],[34.19,27.786],[34.25,27.726],[34.261,27.732],[34.25,27.761],[34.219,27.768],[34.206,27.788],[34.257,27.789],[34.272,27.853],[34.32,27.877],[34.332,27.915],[34.346,27.909],[34.369,27.923],[34.401,27.963],[34.427,27.976],[34.439,28.014],[34.44,28.062],[34.429,28.072],[34.45,28.154],[34.442,28.189],[34.423,28.2],[34.411,28.236],[34.409,28.32],[34.437,28.356],[34.456,28.435],[34.486,28.477],[34.508,28.479],[34.52,28.502],[34.512,28.519],[34.519,28.552],[34.54,28.574],[34.545,28.593],[34.579,28.642],[34.576,28.653],[34.606,28.694],[34.626,28.73],[34.622,28.843],[34.646,28.856],[34.649,28.895],[34.639,28.943],[34.654,28.97],[34.687,28.984],[34.683,29.016],[34.664,29.046],[34.696,29.167],[34.717,29.172],[34.741,29.224],[34.733,29.253],[34.742,29.266],[34.743,29.313],[34.764,29.337],[34.778,29.34],[34.788,29.374],[34.803,29.376],[34.809,29.4],[34.855,29.451],[34.86,29.473],[34.914,29.498],[34.96,29.55],[34.992,29.535],[34.998,29.514],[35.097,29.447],[35.327,29.674],[35.576,30.015],[35.722,30.43],[35.843,30.591],[36.013,30.779],[36.071,30.987],[36.09,31.114],[36.293,31.504],[36.524,31.873],[36.876,31.832],[36.907,32.094],[36.949,32.369],[37.018,32.514],[37.246,32.787],[36.894,32.897],[36.442,33.002],[36.278,32.993],[36.145,32.945],[35.986,32.884],[35.83,32.866],[35.694,32.87],[35.64,32.768],[35.63,32.731],[35.623,32.652],[35.692,32.482],[35.701,32.302],[35.687,32.145],[35.661,31.953],[35.671,31.795],[35.694,31.679],[35.682,31.544],[35.591,31.464],[35.544,31.395],[35.47,31.314],[35.512,31.226],[35.5,31.191],[35.338,31.137],[35.147,31.128],[34.891,31.15],[34.719,31.178],[34.385,31.231],[34.283,31.253]]]},"properties":{"slug":"arabia","name":"Arabia","tier":"province","kind":"province","source":"pazout","spanSource":"ohm","basisYear":117,"segmentStart":106,"segmentEnd":300,"spanStart":106,"spanEnd":300}},
{"type":"Feature","geometry":{"type":"Polygon","coordinates":[[[23.625,43.789],[23.711,43.809],[23.775,43.8],[23.82,43.766],[23.875,43.752],[23.932,43.744],[23.986,43.745],[24.088,43.705],[24.184,43.683],[24.308,43.703],[24.359,43.702],[24.412,43.721],[24.461,43.747],[24.508,43.761],[24.565,43.759],[24.622,43.744],[24.698,43.699],[24.742,43.682],[24.805,43.71],[24.428,44.32],[24.362,44.461],[24.335,44.913],[24.428,45.112],[25.774,45.476],[26.115,45.714],[26.213,45.867],[26.147,46.027],[25.807,46.438],[25.466,46.665],[25.126,46.883],[24.796,47.1],[24.5,47.302],[24.291,47.45],[24.03,47.562],[23.604,47.571],[23.316,47.488],[23.133,47.359],[23.055,47.263],[22.968,47.165],[22.797,46.973],[22.302,46.351],[21.976,46.107],[21.333,46.182],[20.906,46.101],[20.82,46.141],[20.602,46.199],[20.187,46.265],[20.074,46.163],[20.074,46.114],[20.041,46.081],[20.062,46.044],[20.027,46.017],[20.079,45.962],[20.071,45.864],[20.119,45.787],[20.129,45.739],[20.097,45.718],[20.06,45.6],[20.105,45.526],[20.174,45.454],[20.229,45.35],[20.231,45.288],[20.303,45.234],[20.297,45.174],[20.27,45.15],[20.368,45.046],[20.367,45.009],[20.303,44.987],[20.292,44.963],[20.336,44.907],[20.396,44.865],[20.45,44.84],[20.521,44.832],[20.589,44.858],[20.636,44.856],[20.645,44.824],[20.631,44.775],[20.749,44.668],[20.873,44.661],[21.004,44.729],[21.139,44.747],[21.195,44.787],[21.268,44.812],[21.352,44.827],[21.377,44.821],[21.395,44.777],[21.523,44.774],[21.588,44.76],[21.614,44.716],[21.642,44.68],[21.669,44.667],[21.698,44.664],[21.717,44.655],[21.776,44.663],[21.813,44.654],[21.848,44.655],[21.988,44.634],[22.027,44.59],[22.037,44.545],[22.072,44.527],[22.079,44.498],[22.128,44.476],[22.18,44.478],[22.237,44.569],[22.26,44.59],[22.273,44.622],[22.324,44.668],[22.395,44.679],[22.422,44.708],[22.47,44.714],[22.604,44.619],[22.675,44.616],[22.711,44.599],[22.743,44.575],[22.762,44.539],[22.698,44.517],[22.633,44.549],[22.598,44.553],[22.568,44.539],[22.552,44.499],[22.526,44.478],[22.467,44.48],[22.462,44.448],[22.499,44.415],[22.508,44.367],[22.522,44.344],[22.554,44.317],[22.597,44.298],[22.672,44.285],[22.687,44.259],[22.672,44.229],[22.69,44.206],[22.745,44.2],[22.815,44.154],[22.883,44.129],[22.914,44.106],[23.007,44.095],[23.046,44.072],[23.035,44.038],[23.002,44.016],[22.888,43.987],[22.839,43.889],[22.842,43.862],[22.866,43.839],[22.903,43.828],[22.934,43.824],[23.022,43.802],[23.065,43.796],[23.23,43.838],[23.299,43.849],[23.373,43.847],[23.43,43.853],[23.503,43.832],[23.545,43.809],[23.625,43.789]]]},"properties":{"slug":"dacia","name":"Dacia","tier":"province","kind":"province","source":"pazout","spanSource":"ohm","basisYear":117,"segmentStart":106,"segmentEnd":275,"spanStart":106,"spanEnd":275}},
{"type":"Feature","geometry":{"type":"Polygon","coordinates":[[[34.283,31.253],[34.386,31.231],[34.716,31.179],[34.891,31.15],[35.147,31.128],[35.338,31.137],[35.5,31.191],[35.512,31.226],[35.47,31.314],[35.543,31.395],[35.591,31.464],[35.682,31.544],[35.694,31.679],[35.671,31.795],[35.661,31.953],[35.687,32.145],[35.701,32.302],[35.692,32.482],[35.623,32.652],[35.63,32.731],[35.64,32.768],[35.694,32.87],[35.705,32.95],[35.675,33.026],[35.618,33.065],[35.545,33.073],[35.433,33.003],[35.299,32.899],[35.196,32.82],[35.089,32.748],[34.998,32.696],[34.929,32.675],[34.908,32.561],[34.866,32.404],[34.841,32.3],[34.79,32.14],[34.757,32.058],[34.745,32.038],[34.705,31.936],[34.693,31.921],[34.632,31.801],[34.581,31.715],[34.456,31.549],[34.336,31.424],[34.304,31.399],[34.264,31.355],[34.204,31.313],[34.227,31.277],[34.283,31.253]]]},"properties":{"slug":"syria-palaestina","name":"Syria Palaestina","tier":"province","kind":"province","source":"pazout","spanSource":"ohm","basisYear":117,"segmentStart":136,"segmentEnd":390,"spanStart":136,"spanEnd":390,"succeeds":"iudaea"}}
]}